id_mission,nom_batiment,type_batiment,port_attache,zone_operationnelle,latitude_theatre,longitude_theatre,type_mission,date_depart,duree_jours,statut_mission,interventions_succes,carburant_consomme_tonnes,cout_total_euros,bilan_operationnel
MIS-2026-034,FS AQUITAINE,Frégate multi-missions,Brest,Antilles / Caraïbes,14.9008,-63.3459,Sauvetage en mer (SECMAR),2026-01-01,3,Terminée,7,9.9,88434,Mission écourtée (avarie/météo)
MIS-2026-030,FS LA COMBATTANTE,Patrouilleur Antilles-Guyane,Fort-de-France,Guyane / ZEE,5.8498,-49.0077,Sauvetage en mer (SECMAR),2026-01-03,4,Terminée,4,11.5,22984,Mission écourtée (avarie/météo)
MIS-2026-267,FS SOMME,Bâtiment de commandement,Brest,Océan Indien / Mer Rouge,12.555,50.61,Police des pêches & Environnement,2026-01-03,10,Terminée,5,52.9,96330,Mission écourtée (avarie/météo)
MIS-2026-109,FS SOMME,Bâtiment de commandement,Brest,Océan Indien / Mer Rouge,13.1521,50.1179,Surveillance ZEE & Souveraineté,2026-01-04,24,Terminée,3,140.7,228168,Objectifs atteints à 80%
MIS-2026-019,FS TONNERRE,Porte-hélicoptères amphibie,Toulon,Méditerranée Orientale,34.8179,26.1506,Surveillance ZEE & Souveraineté,2026-01-06,22,Terminée,2,178.7,840268,Mission écourtée (avarie/météo)
MIS-2026-137,ABEILLE BOURBON,Remorqueur d intervention,Brest,Golfe de Guinée,3.6783,2.3594,Surveillance ZEE & Souveraineté,2026-01-06,24,Terminée,4,159.8,276816,Objectifs atteints à 80%
MIS-2026-040,FS JACQUES CHEVALLIER,Bâtiment ravitailleur,Toulon,Golfe de Guinée,2.5761,3.4923,Lutte contre le narcotrafic,2026-01-07,27,Terminée,4,612.7,321840,Objectifs atteints à 80%
MIS-2026-048,FS LA COMBATTANTE,Patrouilleur Antilles-Guyane,Fort-de-France,Méditerranée Orientale,32.8664,29.9197,Lutte contre le narcotrafic,2026-01-07,24,Terminée,6,162.0,110304,Objectifs atteints à 80%
MIS-2026-173,FS JACQUES CHEVALLIER,Bâtiment ravitailleur,Toulon,Océan Indien / Mer Rouge,14.3783,52.8953,Police des pêches & Environnement,2026-01-09,25,Terminée,3,358.1,256275,Objectifs atteints à 100%
MIS-2026-143,FS AQUITAINE,Frégate multi-missions,Brest,Golfe de Guinée,0.4048,5.6585,Police des pêches & Environnement,2026-01-10,21,Terminée,1,120.2,903546,Objectifs atteints à 100%
MIS-2026-059,ABEILLE BOURBON,Remorqueur d intervention,Brest,Méditerranée Occidentale,40.6366,5.3368,Police des pêches & Environnement,2026-01-13,12,Terminée,4,49.6,122820,Objectifs atteints à 80%
MIS-2026-231,FS DIXMUDE,Porte-hélicoptères amphibie,Toulon,Antilles / Caraïbes,17.2002,-59.2921,Escorte & Sécurité des flux maritimes,2026-01-13,30,Terminée,2,434.4,965550,Objectifs atteints à 80%
MIS-2026-305,FS LA COMBATTANTE,Patrouilleur Antilles-Guyane,Fort-de-France,Antilles / Caraïbes,14.5801,-59.3769,Présence navale & Coopération,2026-01-15,40,Terminée,0,190.7,359480,Objectifs atteints à 100%
MIS-2026-078,ABEILLE BOURBON,Remorqueur d intervention,Brest,Golfe de Guinée,2.3947,5.2004,Escorte & Sécurité des flux maritimes,2026-01-16,34,Terminée,0,191.3,209678,Mission écourtée (avarie/météo)
MIS-2026-187,FS LA COMBATTANTE,Patrouilleur Antilles-Guyane,Fort-de-France,Guyane / ZEE,4.7691,-51.9219,Surveillance ZEE & Souveraineté,2026-01-16,34,Terminée,4,119.7,304946,Objectifs atteints à 100%
MIS-2026-216,FS LA CONFIANCE,Patrouilleur Antilles-Guyane,Dégrad-des-Cannes,Océan Indien / Mer Rouge,14.604,51.827,Présence navale & Coopération,2026-01-16,40,Terminée,0,181.1,324640,Mission écourtée (avarie/météo)
MIS-2026-302,FS D ENCASTREAUX,Bâtiment de soutien outre-mer,Nouméa,Atlantique Nord / Mer d Iroise,46.0497,-7.9213,Surveillance ZEE & Souveraineté,2026-01-18,30,Terminée,1,217.3,217800,Mission écourtée (avarie/météo)
MIS-2026-180,FS D ENCASTREAUX,Bâtiment de soutien outre-mer,Nouméa,Antilles / Caraïbes,14.1512,-62.4149,Police des pêches & Environnement,2026-01-19,25,Terminée,1,118.7,239275,Mission écourtée (avarie/météo)
MIS-2026-345,FS CHEVALIER PAUL,Frégate de défense aérienne,Toulon,Océan Indien / Mer Rouge,13.4305,53.9397,Sauvetage en mer (SECMAR),2026-01-19,4,Terminée,5,24.6,131700,Objectifs atteints à 100%
MIS-2026-151,FS MISTRAL,Porte-hélicoptères amphibie,Toulon,Méditerranée Orientale,33.7649,28.9406,Lutte contre le narcotrafic,2026-01-20,24,Terminée,6,506.5,1016760,Mission écourtée (avarie/météo)
MIS-2026-252,FS NORMANDIE,Frégate multi-missions,Brest,Antilles / Caraïbes,14.9261,-60.155,Lutte contre le narcotrafic,2026-01-20,46,Terminée,6,206.2,1855962,Objectifs atteints à 80%
MIS-2026-294,FS NORMANDIE,Frégate multi-missions,Brest,Manche / Mer du Nord,48.8777,-0.869,Lutte contre le narcotrafic,2026-01-20,35,Terminée,7,165.4,534240,Mission écourtée (avarie/météo)
MIS-2026-319,FS LE MALOUIN,Patrouilleur côtier,Cherbourg,Guyane / ZEE,7.5968,-53.3194,Sauvetage en mer (SECMAR),2026-01-20,6,Terminée,12,18.3,29190,Objectifs atteints à 100%
MIS-2026-158,FS SOMME,Bâtiment de commandement,Brest,Océan Indien / Mer Rouge,13.5497,49.6409,Lutte contre le narcotrafic,2026-01-21,32,Terminée,2,214.3,298368,Objectifs atteints à 80%
MIS-2026-170,FS CHAMPLAIN,Bâtiment de soutien outre-mer,La Réunion,Golfe de Guinée,1.3805,2.9782,Sauvetage en mer (SECMAR),2026-01-21,4,Terminée,10,22.1,29960,Objectifs atteints à 100%
MIS-2026-303,FS LA COMBATTANTE,Patrouilleur Antilles-Guyane,Fort-de-France,Antilles / Caraïbes,16.0059,-61.3117,Police des pêches & Environnement,2026-01-22,19,Terminée,2,73.9,124222,Objectifs atteints à 100%
MIS-2026-214,FS SOMME,Bâtiment de commandement,Brest,Antilles / Caraïbes,15.143,-63.5231,Escorte & Sécurité des flux maritimes,2026-01-23,25,Terminée,0,122.2,291650,Objectifs atteints à 100%
MIS-2026-070,FS D ENCASTREAUX,Bâtiment de soutien outre-mer,Nouméa,Guyane / ZEE,5.2592,-51.978,Police des pêches & Environnement,2026-01-24,7,Terminée,2,28.2,61348,Objectifs atteints à 80%
MIS-2026-234,FS LE MALOUIN,Patrouilleur côtier,Cherbourg,Atlantique Nord / Mer d Iroise,47.9283,-4.853,Police des pêches & Environnement,2026-01-24,18,Terminée,1,69.2,171324,Mission écourtée (avarie/météo)
MIS-2026-350,FS D ENCASTREAUX,Bâtiment de soutien outre-mer,Nouméa,Guyane / ZEE,6.5107,-52.0624,Présence navale & Coopération,2026-01-24,41,Terminée,1,284.0,288066,Objectifs atteints à 100%
MIS-2026-270,FS BOUGAINVILLE,Bâtiment de soutien outre-mer,Papeete,Guyane / ZEE,5.7774,-50.5162,Sauvetage en mer (SECMAR),2026-01-25,10,Terminée,8,28.4,43660,Mission écourtée (avarie/météo)
MIS-2026-393,FS JACQUES CHEVALLIER,Bâtiment ravitailleur,Toulon,Océan Indien / Mer Rouge,15.2645,53.9515,Police des pêches & Environnement,2026-01-25,10,Terminée,1,224.8,94340,Mission écourtée (avarie/météo)
MIS-2026-095,FS BOUGAINVILLE,Bâtiment de soutien outre-mer,Papeete,Océan Indien / Mer Rouge,14.0934,51.7846,Surveillance ZEE & Souveraineté,2026-01-26,26,Terminée,2,118.3,243438,Objectifs atteints à 100%
MIS-2026-208,ABEILLE BOURBON,Remorqueur d intervention,Brest,Océan Indien / Mer Rouge,14.6523,50.1873,Présence navale & Coopération,2026-01-26,55,Terminée,0,249.4,641245,Objectifs atteints à 80%
MIS-2026-014,FS LA CONFIANCE,Patrouilleur Antilles-Guyane,Dégrad-des-Cannes,Méditerranée Occidentale,42.8339,5.1922,Escorte & Sécurité des flux maritimes,2026-01-28,44,Terminée,2,221.7,247676,Objectifs atteints à 100%
MIS-2026-255,FS LORRAINE,Frégate multi-missions,Toulon,Antilles / Caraïbes,14.0295,-59.2852,Sauvetage en mer (SECMAR),2026-01-28,8,Terminée,10,34.4,190712,Objectifs atteints à 100%
MIS-2026-266,ABEILLE BOURBON,Remorqueur d intervention,Brest,Manche / Mer du Nord,51.1682,1.288,Sauvetage en mer (SECMAR),2026-01-28,4,Terminée,8,13.3,36076,Objectifs atteints à 100%
MIS-2026-013,FS NORMANDIE,Frégate multi-missions,Brest,Golfe de Guinée,1.2566,2.2908,Présence navale & Coopération,2026-01-29,46,Terminée,0,334.4,2010154,Mission écourtée (avarie/météo)
MIS-2026-269,FS NORMANDIE,Frégate multi-missions,Brest,Golfe de Guinée,3.1927,5.1508,Police des pêches & Environnement,2026-01-30,9,Terminée,3,36.5,269280,Objectifs atteints à 100%
MIS-2026-320,ABEILLE FLANDRE,Remorqueur d intervention,Toulon,Guyane / ZEE,6.1293,-49.1768,Sauvetage en mer (SECMAR),2026-01-31,9,Terminée,6,42.8,70155,Objectifs atteints à 80%
MIS-2026-377,FS AQUITAINE,Frégate multi-missions,Brest,Guyane / ZEE,7.323,-52.0917,Lutte contre le narcotrafic,2026-01-31,36,Terminée,4,164.4,1567260,Objectifs atteints à 100%
MIS-2026-178,FS DIXMUDE,Porte-hélicoptères amphibie,Toulon,Océan Indien / Mer Rouge,15.7465,53.4603,Escorte & Sécurité des flux maritimes,2026-02-01,22,Terminée,0,471.6,348942,Objectifs atteints à 80%
MIS-2026-116,FS CHEVALIER PAUL,Frégate de défense aérienne,Toulon,Manche / Mer du Nord,51.2331,-0.974,Sauvetage en mer (SECMAR),2026-02-02,6,Terminée,11,21.2,132456,Objectifs atteints à 100%
MIS-2026-339,FS DIXMUDE,Porte-hélicoptères amphibie,Toulon,Antilles / Caraïbes,14.3397,-63.991,Sauvetage en mer (SECMAR),2026-02-02,7,Terminée,12,102.6,281806,Mission écourtée (avarie/météo)
MIS-2026-107,FS LE MALOUIN,Patrouilleur côtier,Cherbourg,Antilles / Caraïbes,16.5314,-59.6177,Lutte contre le narcotrafic,2026-02-03,26,Terminée,4,134.0,298558,Objectifs atteints à 80%
MIS-2026-179,FS CHAMPLAIN,Bâtiment de soutien outre-mer,La Réunion,Océan Indien / Mer Rouge,14.403,49.9311,Police des pêches & Environnement,2026-02-03,24,Terminée,3,107.8,236952,Mission écourtée (avarie/météo)
MIS-2026-221,FS BOUGAINVILLE,Bâtiment de soutien outre-mer,Papeete,Guyane / ZEE,6.0477,-51.716,Surveillance ZEE & Souveraineté,2026-02-03,26,Terminée,1,137.6,247286,Objectifs atteints à 80%
MIS-2026-301,FS AQUITAINE,Frégate multi-missions,Brest,Manche / Mer du Nord,49.7926,2.1949,Sauvetage en mer (SECMAR),2026-02-03,8,Terminée,9,34.6,299024,Objectifs atteints à 100%
MIS-2026-284,FS JACQUES CHEVALLIER,Bâtiment ravitailleur,Toulon,Antilles / Caraïbes,16.5255,-59.9324,Lutte contre le narcotrafic,2026-02-05,39,Terminée,8,351.4,268047,Mission écourtée (avarie/météo)
MIS-2026-010,FS D ENCASTREAUX,Bâtiment de soutien outre-mer,Nouméa,Antilles / Caraïbes,14.6536,-62.7669,Présence navale & Coopération,2026-02-06,54,Terminée,1,336.7,405486,Mission écourtée (avarie/météo)
MIS-2026-189,FS NORMANDIE,Frégate multi-missions,Brest,Golfe de Guinée,0.5485,2.9511,Police des pêches & Environnement,2026-02-06,14,Terminée,4,95.5,401814,Objectifs atteints à 100%
MIS-2026-243,FS LORRAINE,Frégate multi-missions,Toulon,Méditerranée Orientale,32.7329,27.5287,Surveillance ZEE & Souveraineté,2026-02-08,34,Terminée,3,95.3,1220498,Mission écourtée (avarie/météo)
MIS-2026-357,FS BOUGAINVILLE,Bâtiment de soutien outre-mer,Papeete,Antilles / Caraïbes,14.2335,-61.0603,Surveillance ZEE & Souveraineté,2026-02-08,25,Terminée,1,178.1,215225,Objectifs atteints à 100%
MIS-2026-400,FS D ENCASTREAUX,Bâtiment de soutien outre-mer,Nouméa,Océan Indien / Mer Rouge,15.2205,52.2917,Présence navale & Coopération,2026-02-08,49,Terminée,0,125.4,571046,Objectifs atteints à 100%
MIS-2026-292,FS MISTRAL,Porte-hélicoptères amphibie,Toulon,Méditerranée Occidentale,42.8479,8.083,Présence navale & Coopération,2026-02-10,44,Terminée,0,841.6,1020976,Objectifs atteints à 100%
MIS-2026-182,FS NORMANDIE,Frégate multi-missions,Brest,Méditerranée Occidentale,40.8616,7.2467,Sauvetage en mer (SECMAR),2026-02-11,5,Terminée,8,36.2,160015,Objectifs atteints à 80%
MIS-2026-366,FS LA COMBATTANTE,Patrouilleur Antilles-Guyane,Fort-de-France,Manche / Mer du Nord,51.4738,1.8992,Police des pêches & Environnement,2026-02-11,8,Terminée,2,54.3,74424,Objectifs atteints à 100%
MIS-2026-199,FS TONNERRE,Porte-hélicoptères amphibie,Toulon,Manche / Mer du Nord,50.2872,1.6059,Escorte & Sécurité des flux maritimes,2026-02-13,30,Terminée,1,315.4,1119180,Objectifs atteints à 100%
MIS-2026-258,FS BOUGAINVILLE,Bâtiment de soutien outre-mer,Papeete,Méditerranée Occidentale,40.1998,5.2057,Présence navale & Coopération,2026-02-13,49,Terminée,1,158.3,263081,Objectifs atteints à 80%
MIS-2026-326,FS NORMANDIE,Frégate multi-missions,Brest,Manche / Mer du Nord,51.7269,0.1658,Police des pêches & Environnement,2026-02-13,8,Terminée,4,39.8,220328,Mission écourtée (avarie/météo)
MIS-2026-349,FS MISTRAL,Porte-hélicoptères amphibie,Toulon,Atlantique Nord / Mer d Iroise,48.2975,-4.1147,Surveillance ZEE & Souveraineté,2026-02-13,18,Terminée,4,402.2,451872,Objectifs atteints à 80%
MIS-2026-385,FS MISTRAL,Porte-hélicoptères amphibie,Toulon,Manche / Mer du Nord,48.8434,1.5556,Escorte & Sécurité des flux maritimes,2026-02-13,31,Terminée,0,445.7,1115442,Objectifs atteints à 80%
MIS-2026-176,FS NORMANDIE,Frégate multi-missions,Brest,Méditerranée Occidentale,42.9352,5.9256,Surveillance ZEE & Souveraineté,2026-02-14,26,Terminée,1,170.4,1110356,Objectifs atteints à 80%
MIS-2026-354,FS FORBIN,Frégate de défense aérienne,Toulon,Méditerranée Occidentale,43.1166,4.5358,Surveillance ZEE & Souveraineté,2026-02-14,26,Terminée,2,170.1,497484,Objectifs atteints à 100%
MIS-2026-087,FS CHEVALIER PAUL,Frégate de défense aérienne,Toulon,Guyane / ZEE,6.0664,-50.8868,Police des pêches & Environnement,2026-02-18,8,Terminée,4,45.0,319224,Objectifs atteints à 100%
MIS-2026-236,FS LA COMBATTANTE,Patrouilleur Antilles-Guyane,Fort-de-France,Manche / Mer du Nord,51.8635,-1.4134,Lutte contre le narcotrafic,2026-02-18,49,Terminée,8,239.8,293363,Mission écourtée (avarie/météo)
MIS-2026-371,FS LE MALOUIN,Patrouilleur côtier,Cherbourg,Golfe de Guinée,0.7397,5.3274,Sauvetage en mer (SECMAR),2026-02-18,7,Terminée,3,45.7,74004,Mission écourtée (avarie/météo)
MIS-2026-274,FS NORMANDIE,Frégate multi-missions,Brest,Méditerranée Occidentale,41.3472,5.0118,Sauvetage en mer (SECMAR),2026-02-20,8,Terminée,10,41.1,287536,Objectifs atteints à 80%
MIS-2026-324,FS CHEVALIER PAUL,Frégate de défense aérienne,Toulon,Manche / Mer du Nord,51.3652,-0.1388,Lutte contre le narcotrafic,2026-02-20,24,Terminée,7,172.5,426072,Mission écourtée (avarie/météo)
MIS-2026-325,FS LA CONFIANCE,Patrouilleur Antilles-Guyane,Dégrad-des-Cannes,Atlantique Nord / Mer d Iroise,49.249,-6.7828,Surveillance ZEE & Souveraineté,2026-02-20,14,Terminée,2,41.4,153160,Objectifs atteints à 80%
MIS-2026-389,FS LA COMBATTANTE,Patrouilleur Antilles-Guyane,Fort-de-France,Atlantique Nord / Mer d Iroise,48.1924,-5.1102,Surveillance ZEE & Souveraineté,2026-02-20,27,Terminée,2,115.8,198612,Objectifs atteints à 80%
MIS-2026-263,FS SOMME,Bâtiment de commandement,Brest,Océan Indien / Mer Rouge,14.332,52.2281,Surveillance ZEE & Souveraineté,2026-02-21,30,Terminée,1,218.0,233430,Mission écourtée (avarie/météo)
MIS-2026-355,ABEILLE BOURBON,Remorqueur d intervention,Brest,Atlantique Nord / Mer d Iroise,49.5902,-5.8639,Présence navale & Coopération,2026-02-21,52,Terminée,1,213.1,517712,Objectifs atteints à 100%
MIS-2026-046,FS CHAMPLAIN,Bâtiment de soutien outre-mer,La Réunion,Manche / Mer du Nord,49.9476,0.8999,Sauvetage en mer (SECMAR),2026-02-23,7,Terminée,8,33.8,53354,Mission écourtée (avarie/météo)
MIS-2026-342,FS LE MALOUIN,Patrouilleur côtier,Cherbourg,Guyane / ZEE,5.0983,-53.661,Surveillance ZEE & Souveraineté,2026-02-23,20,Terminée,3,128.7,198020,Objectifs atteints à 100%
MIS-2026-160,FS CHEVALIER PAUL,Frégate de défense aérienne,Toulon,Atlantique Nord / Mer d Iroise,49.0059,-6.256,Surveillance ZEE & Souveraineté,2026-02-25,20,Terminée,4,61.1,488800,Objectifs atteints à 100%
MIS-2026-239,ABEILLE BOURBON,Remorqueur d intervention,Brest,Manche / Mer du Nord,51.0685,-1.9189,Escorte & Sécurité des flux maritimes,2026-02-26,42,Terminée,2,301.3,367248,Mission écourtée (avarie/météo)
MIS-2026-081,FS MISTRAL,Porte-hélicoptères amphibie,Toulon,Antilles / Caraïbes,16.0315,-59.4579,Surveillance ZEE & Souveraineté,2026-02-27,29,Terminée,2,267.2,592644,Objectifs atteints à 80%
MIS-2026-253,FS CHEVALIER PAUL,Frégate de défense aérienne,Toulon,Golfe de Guinée,1.4809,6.2057,Police des pêches & Environnement,2026-02-28,22,Terminée,4,75.4,752334,Mission écourtée (avarie/météo)
MIS-2026-110,FS SOMME,Bâtiment de commandement,Brest,Océan Indien / Mer Rouge,13.8973,52.5977,Surveillance ZEE & Souveraineté,2026-03-01,33,Terminée,3,233.5,191829,Mission écourtée (avarie/météo)
MIS-2026-316,FS LA COMBATTANTE,Patrouilleur Antilles-Guyane,Fort-de-France,Atlantique Nord / Mer d Iroise,47.5113,-4.1941,Lutte contre le narcotrafic,2026-03-02,36,Terminée,3,218.1,171432,Objectifs atteints à 100%
MIS-2026-318,FS AQUITAINE,Frégate multi-missions,Brest,Manche / Mer du Nord,49.45,2.2546,Police des pêches & Environnement,2026-03-02,11,Terminée,4,66.0,430056,Objectifs atteints à 80%
MIS-2026-016,FS JACQUES CHEVALLIER,Bâtiment ravitailleur,Toulon,Golfe de Guinée,3.3608,6.2347,Lutte contre le narcotrafic,2026-03-03,21,Terminée,2,429.3,224364,Objectifs atteints à 100%
MIS-2026-276,FS AQUITAINE,Frégate multi-missions,Brest,Méditerranée Occidentale,40.7994,4.6152,Sauvetage en mer (SECMAR),2026-03-03,4,Terminée,5,20.2,114816,Mission écourtée (avarie/météo)
MIS-2026-001,FS NORMANDIE,Frégate multi-missions,Brest,Manche / Mer du Nord,49.2036,1.6824,Présence navale & Coopération,2026-03-04,42,Terminée,0,229.0,673722,Objectifs atteints à 100%
MIS-2026-310,FS BOUGAINVILLE,Bâtiment de soutien outre-mer,Papeete,Manche / Mer du Nord,48.5655,-0.1801,Surveillance ZEE & Souveraineté,2026-03-04,12,Terminée,2,40.7,142404,Objectifs atteints à 100%
MIS-2026-311,FS CHAMPLAIN,Bâtiment de soutien outre-mer,La Réunion,Antilles / Caraïbes,15.1985,-60.3986,Lutte contre le narcotrafic,2026-03-05,30,Terminée,4,198.9,260460,Objectifs atteints à 80%
MIS-2026-140,FS LORRAINE,Frégate multi-missions,Toulon,Méditerranée Orientale,33.4102,28.012,Surveillance ZEE & Souveraineté,2026-03-07,16,Terminée,1,54.2,645184,Mission écourtée (avarie/météo)
MIS-2026-308,ABEILLE BOURBON,Remorqueur d intervention,Brest,Golfe de Guinée,2.7644,4.3833,Escorte & Sécurité des flux maritimes,2026-03-09,17,Terminée,0,84.7,139128,Objectifs atteints à 80%
MIS-2026-392,FS LA CONFIANCE,Patrouilleur Antilles-Guyane,Dégrad-des-Cannes,Méditerranée Orientale,34.3714,25.499,Police des pêches & Environnement,2026-03-09,16,Terminée,2,109.9,175696,Objectifs atteints à 80%
MIS-2026-009,FS TONNERRE,Porte-hélicoptères amphibie,Toulon,Manche / Mer du Nord,48.6383,2.5657,Sauvetage en mer (SECMAR),2026-03-10,9,Terminée,12,206.1,227799,Objectifs atteints à 100%
MIS-2026-281,FS CHAMPLAIN,Bâtiment de soutien outre-mer,La Réunion,Atlantique Nord / Mer d Iroise,48.7904,-4.8836,Escorte & Sécurité des flux maritimes,2026-03-10,18,Terminée,1,93.8,183582,Objectifs atteints à 100%
MIS-2026-008,FS TONNERRE,Porte-hélicoptères amphibie,Toulon,Méditerranée Occidentale,43.2623,6.9,Police des pêches & Environnement,2026-03-11,19,Terminée,5,222.9,486894,Objectifs atteints à 100%
MIS-2026-132,FS DIXMUDE,Porte-hélicoptères amphibie,Toulon,Manche / Mer du Nord,49.9952,0.1201,Présence navale & Coopération,2026-03-11,30,Terminée,1,451.2,661890,Mission écourtée (avarie/météo)
MIS-2026-395,FS NORMANDIE,Frégate multi-missions,Brest,Antilles / Caraïbes,16.7086,-60.5505,Police des pêches & Environnement,2026-03-11,21,Terminée,4,136.5,761481,Objectifs atteints à 100%
MIS-2026-053,FS LA CONFIANCE,Patrouilleur Antilles-Guyane,Dégrad-des-Cannes,Guyane / ZEE,5.7835,-50.4323,Présence navale & Coopération,2026-03-12,40,Terminée,0,154.3,264760,Mission écourtée (avarie/météo)
MIS-2026-117,FS LE MALOUIN,Patrouilleur côtier,Cherbourg,Méditerranée Occidentale,42.7903,4.4234,Escorte & Sécurité des flux maritimes,2026-03-12,15,Terminée,0,78.0,158115,Objectifs atteints à 100%
MIS-2026-360,FS CHEVALIER PAUL,Frégate de défense aérienne,Toulon,Océan Indien / Mer Rouge,15.2342,53.7912,Sauvetage en mer (SECMAR),2026-03-13,7,Terminée,4,51.5,157283,Objectifs atteints à 100%
MIS-2026-133,FS NORMANDIE,Frégate multi-missions,Brest,Océan Indien / Mer Rouge,14.6416,52.4657,Police des pêches & Environnement,2026-03-14,10,Terminée,5,58.4,164880,Objectifs atteints à 100%
MIS-2026-209,FS D ENCASTREAUX,Bâtiment de soutien outre-mer,Nouméa,Méditerranée Orientale,35.0252,29.5397,Sauvetage en mer (SECMAR),2026-03-15,8,Terminée,4,46.1,47216,Mission écourtée (avarie/météo)
MIS-2026-223,FS FORBIN,Frégate de défense aérienne,Toulon,Atlantique Nord / Mer d Iroise,47.4719,-5.1551,Police des pêches & Environnement,2026-03-15,8,Terminée,4,35.0,353656,Objectifs atteints à 80%
MIS-2026-177,FS JACQUES CHEVALLIER,Bâtiment ravitailleur,Toulon,Atlantique Nord / Mer d Iroise,49.2088,-4.7432,Escorte & Sécurité des flux maritimes,2026-03-16,32,Terminée,2,642.0,311552,Mission écourtée (avarie/météo)
MIS-2026-186,FS CHEVALIER PAUL,Frégate de défense aérienne,Toulon,Guyane / ZEE,6.5109,-52.4895,Présence navale & Coopération,2026-03-16,59,Terminée,0,384.9,2209255,Objectifs atteints à 80%
MIS-2026-229,FS MISTRAL,Porte-hélicoptères amphibie,Toulon,Manche / Mer du Nord,49.243,2.582,Lutte contre le narcotrafic,2026-03-16,36,Terminée,6,483.2,1245312,Mission écourtée (avarie/météo)
MIS-2026-257,FS AQUITAINE,Frégate multi-missions,Brest,Océan Indien / Mer Rouge,13.6897,53.3958,Police des pêches & Environnement,2026-03-16,7,Terminée,5,49.2,160678,Mission écourtée (avarie/météo)
MIS-2026-285,FS LA CONFIANCE,Patrouilleur Antilles-Guyane,Dégrad-des-Cannes,Méditerranée Occidentale,41.7618,8.462,Sauvetage en mer (SECMAR),2026-03-16,7,Terminée,11,52.0,66948,Objectifs atteints à 100%
MIS-2026-026,FS CHAMPLAIN,Bâtiment de soutien outre-mer,La Réunion,Guyane / ZEE,4.9837,-53.7076,Lutte contre le narcotrafic,2026-03-17,26,Terminée,7,135.5,263302,Objectifs atteints à 80%
MIS-2026-073,FS BOUGAINVILLE,Bâtiment de soutien outre-mer,Papeete,Golfe de Guinée,1.0189,2.3972,Surveillance ZEE & Souveraineté,2026-03-17,18,Terminée,1,108.7,90648,Objectifs atteints à 80%
MIS-2026-099,FS CHEVALIER PAUL,Frégate de défense aérienne,Toulon,Manche / Mer du Nord,49.6905,0.1534,Sauvetage en mer (SECMAR),2026-03-17,3,Terminée,6,15.5,100632,Mission écourtée (avarie/météo)
MIS-2026-032,FS BOUGAINVILLE,Bâtiment de soutien outre-mer,Papeete,Manche / Mer du Nord,51.7543,-1.4821,Présence navale & Coopération,2026-03-18,60,Terminée,0,229.3,677280,Objectifs atteints à 100%
MIS-2026-056,FS SOMME,Bâtiment de commandement,Brest,Guyane / ZEE,6.9125,-49.7328,Surveillance ZEE & Souveraineté,2026-03-18,23,Terminée,4,119.4,230414,Mission écourtée (avarie/météo)
MIS-2026-261,FS LE MALOUIN,Patrouilleur côtier,Cherbourg,Antilles / Caraïbes,14.8544,-59.2636,Présence navale & Coopération,2026-03-18,33,Terminée,0,161.5,180015,Objectifs atteints à 80%
MIS-2026-134,FS SOMME,Bâtiment de commandement,Brest,Manche / Mer du Nord,51.8032,1.8367,Surveillance ZEE & Souveraineté,2026-03-19,18,Terminée,3,71.1,89676,Objectifs atteints à 100%
MIS-2026-260,FS MISTRAL,Porte-hélicoptères amphibie,Toulon,Guyane / ZEE,4.2244,-52.0215,Surveillance ZEE & Souveraineté,2026-03-19,16,Terminée,4,346.7,412768,Objectifs atteints à 80%
MIS-2026-036,FS LORRAINE,Frégate multi-missions,Toulon,Antilles / Caraïbes,15.0127,-59.3346,Lutte contre le narcotrafic,2026-03-20,21,Terminée,8,56.7,561204,Objectifs atteints à 100%
MIS-2026-198,FS LE MALOUIN,Patrouilleur côtier,Cherbourg,Atlantique Nord / Mer d Iroise,48.8683,-5.3734,Police des pêches & Environnement,2026-03-20,25,Terminée,1,137.1,154375,Mission écourtée (avarie/météo)
MIS-2026-106,FS LORRAINE,Frégate multi-missions,Toulon,Atlantique Nord / Mer d Iroise,48.839,-8.8332,Présence navale & Coopération,2026-03-21,27,Terminée,1,166.4,484731,Objectifs atteints à 80%
MIS-2026-154,ABEILLE FLANDRE,Remorqueur d intervention,Toulon,Méditerranée Orientale,36.1761,28.9219,Escorte & Sécurité des flux maritimes,2026-03-21,22,Terminée,0,95.5,258676,Mission écourtée (avarie/météo)
MIS-2026-334,FS LORRAINE,Frégate multi-missions,Toulon,Méditerranée Orientale,33.332,25.1898,Police des pêches & Environnement,2026-03-21,24,Terminée,1,87.9,532056,Objectifs atteints à 100%
MIS-2026-382,FS TONNERRE,Porte-hélicoptères amphibie,Toulon,Méditerranée Orientale,33.1642,26.9178,Présence navale & Coopération,2026-03-21,47,Terminée,1,509.4,1973765,Objectifs atteints à 100%
MIS-2026-029,FS AQUITAINE,Frégate multi-missions,Brest,Antilles / Caraïbes,17.0649,-62.9787,Présence navale & Coopération,2026-03-22,58,Terminée,1,214.2,1622202,Objectifs atteints à 100%
MIS-2026-190,FS DIXMUDE,Porte-hélicoptères amphibie,Toulon,Océan Indien / Mer Rouge,12.8834,50.2967,Escorte & Sécurité des flux maritimes,2026-03-22,38,Terminée,2,605.6,1664590,Objectifs atteints à 80%
MIS-2026-379,FS AQUITAINE,Frégate multi-missions,Brest,Guyane / ZEE,6.4842,-53.9764,Sauvetage en mer (SECMAR),2026-03-22,5,Terminée,7,17.7,201735,Objectifs atteints à 100%
MIS-2026-341,FS LE MALOUIN,Patrouilleur côtier,Cherbourg,Atlantique Nord / Mer d Iroise,46.6044,-4.5734,Lutte contre le narcotrafic,2026-03-23,31,Terminée,2,204.9,294128,Mission écourtée (avarie/météo)
MIS-2026-067,ABEILLE FLANDRE,Remorqueur d intervention,Toulon,Antilles / Caraïbes,16.7662,-59.8463,Présence navale & Coopération,2026-03-24,42,Terminée,0,163.6,323064,Objectifs atteints à 100%
MIS-2026-237,FS MISTRAL,Porte-hélicoptères amphibie,Toulon,Antilles / Caraïbes,16.4918,-62.0967,Lutte contre le narcotrafic,2026-03-24,37,Terminée,6,704.0,928922,Objectifs atteints à 80%
MIS-2026-330,FS D ENCASTREAUX,Bâtiment de soutien outre-mer,Nouméa,Océan Indien / Mer Rouge,13.5982,50.3991,Escorte & Sécurité des flux maritimes,2026-03-24,31,Terminée,1,170.1,131440,Objectifs atteints à 80%
MIS-2026-304,FS BOUGAINVILLE,Bâtiment de soutien outre-mer,Papeete,Méditerranée Orientale,34.1066,28.1715,Lutte contre le narcotrafic,2026-03-25,37,Terminée,8,212.7,342916,Objectifs atteints à 100%
MIS-2026-041,FS JACQUES CHEVALLIER,Bâtiment ravitailleur,Toulon,Antilles / Caraïbes,17.0813,-63.4233,Présence navale & Coopération,2026-03-26,59,Terminée,1,651.1,701215,Objectifs atteints à 80%
MIS-2026-071,FS D ENCASTREAUX,Bâtiment de soutien outre-mer,Nouméa,Océan Indien / Mer Rouge,13.4665,51.7687,Police des pêches & Environnement,2026-03-26,24,Terminée,3,90.2,119712,Mission écourtée (avarie/météo)
MIS-2026-240,ABEILLE BOURBON,Remorqueur d intervention,Brest,Golfe de Guinée,1.0281,4.3489,Lutte contre le narcotrafic,2026-03-26,26,Terminée,3,129.9,243412,Mission écourtée (avarie/météo)
MIS-2026-148,FS LA COMBATTANTE,Patrouilleur Antilles-Guyane,Fort-de-France,Golfe de Guinée,0.4934,4.8181,Présence navale & Coopération,2026-03-27,34,Terminée,1,137.7,318716,Mission écourtée (avarie/météo)
MIS-2026-213,FS LA CONFIANCE,Patrouilleur Antilles-Guyane,Dégrad-des-Cannes,Méditerranée Occidentale,42.5468,6.5389,Surveillance ZEE & Souveraineté,2026-03-28,35,Terminée,2,118.2,385455,Mission écourtée (avarie/météo)
MIS-2026-337,FS JACQUES CHEVALLIER,Bâtiment ravitailleur,Toulon,Antilles / Caraïbes,14.7864,-63.3177,Escorte & Sécurité des flux maritimes,2026-03-28,18,Terminée,0,368.1,136404,Mission écourtée (avarie/météo)
MIS-2026-075,FS LA COMBATTANTE,Patrouilleur Antilles-Guyane,Fort-de-France,Guyane / ZEE,4.8637,-53.7431,Police des pêches & Environnement,2026-03-29,21,Terminée,4,64.5,95235,Objectifs atteints à 80%
MIS-2026-042,FS FORBIN,Frégate de défense aérienne,Toulon,Atlantique Nord / Mer d Iroise,48.6228,-7.4316,Escorte & Sécurité des flux maritimes,2026-03-30,28,Terminée,2,207.8,526092,Objectifs atteints à 80%
MIS-2026-275,FS SOMME,Bâtiment de commandement,Brest,Antilles / Caraïbes,14.9671,-61.7107,Escorte & Sécurité des flux maritimes,2026-03-31,18,Terminée,0,118.2,176094,Objectifs atteints à 80%
MIS-2026-105,FS LA COMBATTANTE,Patrouilleur Antilles-Guyane,Fort-de-France,Méditerranée Orientale,33.4884,25.9507,Escorte & Sécurité des flux maritimes,2026-04-01,40,Terminée,1,235.6,396200,Mission écourtée (avarie/météo)
MIS-2026-127,ABEILLE BOURBON,Remorqueur d intervention,Brest,Manche / Mer du Nord,48.773,0.5371,Sauvetage en mer (SECMAR),2026-04-01,7,Terminée,5,40.5,40859,Objectifs atteints à 100%
MIS-2026-118,FS NORMANDIE,Frégate multi-missions,Brest,Manche / Mer du Nord,51.2439,-0.8103,Lutte contre le narcotrafic,2026-04-02,20,Terminée,4,51.6,473900,Objectifs atteints à 100%
MIS-2026-164,FS SOMME,Bâtiment de commandement,Brest,Océan Indien / Mer Rouge,15.0387,51.224,Sauvetage en mer (SECMAR),2026-04-02,3,Terminée,4,19.1,30066,Objectifs atteints à 80%
MIS-2026-114,ABEILLE FLANDRE,Remorqueur d intervention,Toulon,Guyane / ZEE,4.5577,-50.5716,Lutte contre le narcotrafic,2026-04-03,47,Terminée,6,329.4,436254,Objectifs atteints à 80%
MIS-2026-219,FS AQUITAINE,Frégate multi-missions,Brest,Guyane / ZEE,4.4812,-51.1792,Escorte & Sécurité des flux maritimes,2026-04-03,37,Terminée,0,245.8,1649645,Mission écourtée (avarie/météo)
MIS-2026-348,FS SOMME,Bâtiment de commandement,Brest,Guyane / ZEE,4.2137,-53.5619,Lutte contre le narcotrafic,2026-04-03,21,Terminée,8,122.0,187236,Objectifs atteints à 80%
MIS-2026-153,FS DIXMUDE,Porte-hélicoptères amphibie,Toulon,Guyane / ZEE,6.6349,-52.8123,Surveillance ZEE & Souveraineté,2026-04-04,25,Terminée,4,459.5,991350,Mission écourtée (avarie/météo)
MIS-2026-217,FS LA COMBATTANTE,Patrouilleur Antilles-Guyane,Fort-de-France,Atlantique Nord / Mer d Iroise,48.2127,-7.9044,Présence navale & Coopération,2026-04-05,43,Terminée,0,210.3,332261,Mission écourtée (avarie/météo)
MIS-2026-309,FS FORBIN,Frégate de défense aérienne,Toulon,Guyane / ZEE,4.7663,-50.1334,Escorte & Sécurité des flux maritimes,2026-04-05,20,Terminée,2,117.4,375580,Objectifs atteints à 100%
MIS-2026-376,FS TONNERRE,Porte-hélicoptères amphibie,Toulon,Golfe de Guinée,1.138,2.9703,Police des pêches & Environnement,2026-04-06,17,Terminée,1,272.0,737613,Mission écourtée (avarie/météo)
MIS-2026-232,ABEILLE BOURBON,Remorqueur d intervention,Brest,Antilles / Caraïbes,14.362,-61.3104,Lutte contre le narcotrafic,2026-04-07,29,Terminée,3,195.7,187427,Mission écourtée (avarie/météo)
MIS-2026-025,FS MISTRAL,Porte-hélicoptères amphibie,Toulon,Antilles / Caraïbes,13.7078,-62.0479,Surveillance ZEE & Souveraineté,2026-04-08,17,Terminée,4,218.4,643025,Mission écourtée (avarie/météo)
MIS-2026-103,FS SOMME,Bâtiment de commandement,Brest,Guyane / ZEE,6.2589,-51.1259,Surveillance ZEE & Souveraineté,2026-04-08,19,Terminée,3,49.6,205181,Mission écourtée (avarie/météo)
MIS-2026-135,FS D ENCASTREAUX,Bâtiment de soutien outre-mer,Nouméa,Antilles / Caraïbes,15.6173,-62.8494,Lutte contre le narcotrafic,2026-04-08,24,Terminée,6,160.0,254496,Objectifs atteints à 80%
MIS-2026-247,FS AQUITAINE,Frégate multi-missions,Brest,Manche / Mer du Nord,49.7578,0.38,Surveillance ZEE & Souveraineté,2026-04-08,24,Terminée,1,144.3,425016,Objectifs atteints à 80%
MIS-2026-054,FS AQUITAINE,Frégate multi-missions,Brest,Méditerranée Occidentale,42.1982,7.2321,Lutte contre le narcotrafic,2026-04-09,27,Terminée,2,123.5,697734,Mission écourtée (avarie/météo)
MIS-2026-298,FS LORRAINE,Frégate multi-missions,Toulon,Atlantique Nord / Mer d Iroise,47.2655,-6.8531,Escorte & Sécurité des flux maritimes,2026-04-09,38,Terminée,0,142.1,1372636,Objectifs atteints à 100%
MIS-2026-358,FS LA COMBATTANTE,Patrouilleur Antilles-Guyane,Fort-de-France,Océan Indien / Mer Rouge,14.5572,52.3601,Police des pêches & Environnement,2026-04-09,15,Terminée,4,40.3,93840,Objectifs atteints à 80%
MIS-2026-112,FS NORMANDIE,Frégate multi-missions,Brest,Méditerranée Orientale,34.3331,28.3524,Escorte & Sécurité des flux maritimes,2026-04-10,19,Terminée,2,113.7,621319,Objectifs atteints à 80%
MIS-2026-273,FS MISTRAL,Porte-hélicoptères amphibie,Toulon,Guyane / ZEE,4.216,-52.926,Escorte & Sécurité des flux maritimes,2026-04-10,28,Terminée,1,582.1,1162000,Objectifs atteints à 100%
MIS-2026-063,FS NORMANDIE,Frégate multi-missions,Brest,Manche / Mer du Nord,51.7893,-1.0084,Sauvetage en mer (SECMAR),2026-04-12,9,Terminée,12,53.6,319977,Objectifs atteints à 100%
MIS-2026-018,FS CHAMPLAIN,Bâtiment de soutien outre-mer,La Réunion,Méditerranée Orientale,36.2825,28.2494,Présence navale & Coopération,2026-04-13,44,Terminée,1,307.9,338712,Objectifs atteints à 100%
MIS-2026-028,FS AQUITAINE,Frégate multi-missions,Brest,Atlantique Nord / Mer d Iroise,46.4316,-4.5486,Présence navale & Coopération,2026-04-14,40,Terminée,0,215.8,652080,Mission écourtée (avarie/météo)
MIS-2026-085,FS D ENCASTREAUX,Bâtiment de soutien outre-mer,Nouméa,Atlantique Nord / Mer d Iroise,47.1999,-5.6493,Police des pêches & Environnement,2026-04-15,18,Terminée,2,74.7,174276,Objectifs atteints à 80%
MIS-2026-124,FS MISTRAL,Porte-hélicoptères amphibie,Toulon,Antilles / Caraïbes,14.9202,-61.7325,Police des pêches & Environnement,2026-04-16,14,Terminée,4,285.6,353374,Objectifs atteints à 80%
MIS-2026-233,FS LORRAINE,Frégate multi-missions,Toulon,Guyane / ZEE,7.684,-51.2136,Surveillance ZEE & Souveraineté,2026-04-16,29,Terminée,2,128.8,677295,Objectifs atteints à 100%
MIS-2026-279,FS CHAMPLAIN,Bâtiment de soutien outre-mer,La Réunion,Guyane / ZEE,6.7565,-51.7807,Police des pêches & Environnement,2026-04-17,22,Terminée,2,64.1,93544,Objectifs atteints à 100%
MIS-2026-161,FS LA COMBATTANTE,Patrouilleur Antilles-Guyane,Fort-de-France,Atlantique Nord / Mer d Iroise,48.3002,-5.8859,Surveillance ZEE & Souveraineté,2026-04-18,19,Terminée,1,58.0,216866,Objectifs atteints à 80%
MIS-2026-123,FS LA COMBATTANTE,Patrouilleur Antilles-Guyane,Fort-de-France,Guyane / ZEE,4.557,-50.4911,Escorte & Sécurité des flux maritimes,2026-04-21,34,Terminée,2,195.7,350166,Mission écourtée (avarie/météo)
MIS-2026-346,FS LE MALOUIN,Patrouilleur côtier,Cherbourg,Guyane / ZEE,7.5928,-53.175,Présence navale & Coopération,2026-04-21,26,Terminée,1,85.4,125554,Objectifs atteints à 80%
MIS-2026-043,FS MISTRAL,Porte-hélicoptères amphibie,Toulon,Golfe de Guinée,0.2061,6.1279,Surveillance ZEE & Souveraineté,2026-04-22,34,Terminée,2,482.5,587928,Mission écourtée (avarie/météo)
MIS-2026-057,FS TONNERRE,Porte-hélicoptères amphibie,Toulon,Guyane / ZEE,5.9483,-52.0557,Lutte contre le narcotrafic,2026-04-22,28,Terminée,7,547.3,790944,Mission écourtée (avarie/météo)
MIS-2026-098,FS LA COMBATTANTE,Patrouilleur Antilles-Guyane,Fort-de-France,Méditerranée Orientale,36.222,28.8018,Présence navale & Coopération,2026-04-22,30,Terminée,0,141.6,290550,Objectifs atteints à 80%
MIS-2026-136,FS AQUITAINE,Frégate multi-missions,Brest,Antilles / Caraïbes,13.7675,-59.3942,Présence navale & Coopération,2026-04-22,27,Terminée,1,145.2,912303,Objectifs atteints à 80%
MIS-2026-138,FS AQUITAINE,Frégate multi-missions,Brest,Antilles / Caraïbes,15.8199,-61.3802,Surveillance ZEE & Souveraineté,2026-04-22,19,Terminée,4,130.2,749322,Objectifs atteints à 80%
MIS-2026-168,FS LE MALOUIN,Patrouilleur côtier,Cherbourg,Golfe de Guinée,3.4022,5.2165,Surveillance ZEE & Souveraineté,2026-04-22,23,Terminée,4,96.5,127190,Objectifs atteints à 80%
MIS-2026-200,FS FORBIN,Frégate de défense aérienne,Toulon,Atlantique Nord / Mer d Iroise,47.1293,-8.2428,Lutte contre le narcotrafic,2026-04-23,20,Terminée,7,70.4,628860,Mission écourtée (avarie/météo)
MIS-2026-398,FS D ENCASTREAUX,Bâtiment de soutien outre-mer,Nouméa,Guyane / ZEE,4.3655,-52.6919,Surveillance ZEE & Souveraineté,2026-04-23,25,Terminée,3,64.0,277825,Mission écourtée (avarie/météo)
MIS-2026-023,FS TONNERRE,Porte-hélicoptères amphibie,Toulon,Méditerranée Orientale,33.2047,25.9174,Lutte contre le narcotrafic,2026-04-25,37,Terminée,5,453.1,646390,Objectifs atteints à 80%
MIS-2026-215,FS CHEVALIER PAUL,Frégate de défense aérienne,Toulon,Golfe de Guinée,2.9135,6.2702,Police des pêches & Environnement,2026-04-25,14,Terminée,3,75.8,472808,Objectifs atteints à 100%
MIS-2026-256,FS LORRAINE,Frégate multi-missions,Toulon,Atlantique Nord / Mer d Iroise,48.0051,-6.4378,Lutte contre le narcotrafic,2026-04-25,33,Terminée,2,86.8,877701,Mission écourtée (avarie/météo)
MIS-2026-086,FS LA COMBATTANTE,Patrouilleur Antilles-Guyane,Fort-de-France,Antilles / Caraïbes,14.017,-62.738,Escorte & Sécurité des flux maritimes,2026-04-27,16,Terminée,0,117.6,116976,Mission écourtée (avarie/météo)
MIS-2026-093,FS D ENCASTREAUX,Bâtiment de soutien outre-mer,Nouméa,Océan Indien / Mer Rouge,15.5583,53.848,Sauvetage en mer (SECMAR),2026-04-27,9,Terminée,6,48.2,53217,Objectifs atteints à 80%
MIS-2026-288,FS SOMME,Bâtiment de commandement,Brest,Golfe de Guinée,3.6209,3.1364,Présence navale & Coopération,2026-04-27,48,Terminée,0,328.5,525072,Mission écourtée (avarie/météo)
MIS-2026-313,FS LA COMBATTANTE,Patrouilleur Antilles-Guyane,Fort-de-France,Océan Indien / Mer Rouge,12.2287,50.5034,Surveillance ZEE & Souveraineté,2026-04-27,29,Terminée,3,179.7,173623,Objectifs atteints à 80%
MIS-2026-101,FS TONNERRE,Porte-hélicoptères amphibie,Toulon,Guyane / ZEE,5.1192,-53.953,Présence navale & Coopération,2026-04-28,41,Terminée,1,956.1,1525323,Mission écourtée (avarie/météo)
MIS-2026-241,FS LE MALOUIN,Patrouilleur côtier,Cherbourg,Golfe de Guinée,0.8056,5.4749,Police des pêches & Environnement,2026-04-28,22,Terminée,2,70.4,186494,Objectifs atteints à 80%
MIS-2026-317,FS TONNERRE,Porte-hélicoptères amphibie,Toulon,Antilles / Caraïbes,17.2084,-63.5755,Présence navale & Coopération,2026-04-28,48,Terminée,0,796.4,1722240,Objectifs atteints à 80%
MIS-2026-051,FS NORMANDIE,Frégate multi-missions,Brest,Guyane / ZEE,6.6033,-49.0605,Lutte contre le narcotrafic,2026-04-29,45,Terminée,6,183.9,1788660,Objectifs atteints à 80%
MIS-2026-268,FS TONNERRE,Porte-hélicoptères amphibie,Toulon,Guyane / ZEE,6.9804,-51.0571,Sauvetage en mer (SECMAR),2026-04-29,9,Terminée,11,95.1,142236,Objectifs atteints à 80%
MIS-2026-351,ABEILLE FLANDRE,Remorqueur d intervention,Toulon,Manche / Mer du Nord,49.3482,2.1854,Sauvetage en mer (SECMAR),2026-04-30,10,Terminée,12,28.1,101620,Mission écourtée (avarie/météo)
MIS-2026-369,FS JACQUES CHEVALLIER,Bâtiment ravitailleur,Toulon,Guyane / ZEE,5.2877,-51.3968,Sauvetage en mer (SECMAR),2026-04-30,6,Terminée,12,88.5,29028,Objectifs atteints à 100%
MIS-2026-060,FS LA CONFIANCE,Patrouilleur Antilles-Guyane,Dégrad-des-Cannes,Antilles / Caraïbes,13.7698,-61.3029,Sauvetage en mer (SECMAR),2026-05-01,4,Terminée,8,14.5,18248,Mission écourtée (avarie/météo)
MIS-2026-142,FS LE MALOUIN,Patrouilleur côtier,Cherbourg,Méditerranée Occidentale,41.2919,5.2141,Police des pêches & Environnement,2026-05-01,9,Terminée,3,49.1,61947,Mission écourtée (avarie/météo)
MIS-2026-017,FS CHAMPLAIN,Bâtiment de soutien outre-mer,La Réunion,Méditerranée Occidentale,43.1087,4.5256,Lutte contre le narcotrafic,2026-05-02,41,Terminée,6,281.3,306106,Objectifs atteints à 100%
MIS-2026-021,FS LORRAINE,Frégate multi-missions,Toulon,Guyane / ZEE,7.107,-53.048,Lutte contre le narcotrafic,2026-05-02,45,Terminée,2,260.8,1197405,Objectifs atteints à 80%
MIS-2026-387,FS SOMME,Bâtiment de commandement,Brest,Atlantique Nord / Mer d Iroise,48.5267,-7.9725,Escorte & Sécurité des flux maritimes,2026-05-02,23,Terminée,2,130.0,148718,Objectifs atteints à 80%
MIS-2026-295,FS LE MALOUIN,Patrouilleur côtier,Cherbourg,Atlantique Nord / Mer d Iroise,46.255,-7.0847,Police des pêches & Environnement,2026-05-03,11,Terminée,1,33.2,77121,Objectifs atteints à 80%
MIS-2026-277,FS LORRAINE,Frégate multi-missions,Toulon,Antilles / Caraïbes,15.9878,-60.5328,Police des pêches & Environnement,2026-05-05,12,Terminée,2,63.3,372528,Objectifs atteints à 80%
MIS-2026-049,ABEILLE BOURBON,Remorqueur d intervention,Brest,Méditerranée Orientale,34.1388,25.7379,Présence navale & Coopération,2026-05-07,49,Terminée,0,341.2,541352,Objectifs atteints à 100%
MIS-2026-068,ABEILLE FLANDRE,Remorqueur d intervention,Toulon,Antilles / Caraïbes,16.7634,-63.0908,Sauvetage en mer (SECMAR),2026-05-07,3,Terminée,6,12.8,18348,Objectifs atteints à 80%
MIS-2026-391,FS AQUITAINE,Frégate multi-missions,Brest,Atlantique Nord / Mer d Iroise,46.5369,-8.5496,Escorte & Sécurité des flux maritimes,2026-05-07,36,Terminée,2,103.5,1393560,Objectifs atteints à 100%
MIS-2026-027,FS FORBIN,Frégate de défense aérienne,Toulon,Manche / Mer du Nord,51.7098,0.6556,Escorte & Sécurité des flux maritimes,2026-05-09,30,Terminée,0,219.1,528750,Objectifs atteints à 100%
MIS-2026-145,FS MISTRAL,Porte-hélicoptères amphibie,Toulon,Océan Indien / Mer Rouge,12.7431,49.8094,Escorte & Sécurité des flux maritimes,2026-05-09,30,Terminée,0,653.6,1273170,Objectifs atteints à 80%
MIS-2026-155,ABEILLE FLANDRE,Remorqueur d intervention,Toulon,Guyane / ZEE,6.0989,-49.1687,Sauvetage en mer (SECMAR),2026-05-09,9,Terminée,6,58.6,46197,Objectifs atteints à 80%
MIS-2026-191,FS D ENCASTREAUX,Bâtiment de soutien outre-mer,Nouméa,Manche / Mer du Nord,50.046,-0.7964,Surveillance ZEE & Souveraineté,2026-05-10,24,Terminée,3,65.8,151296,Objectifs atteints à 80%
MIS-2026-212,FS BOUGAINVILLE,Bâtiment de soutien outre-mer,Papeete,Guyane / ZEE,5.8849,-53.0359,Lutte contre le narcotrafic,2026-05-10,47,Terminée,2,195.2,469483,Objectifs atteints à 80%
MIS-2026-364,FS MISTRAL,Porte-hélicoptères amphibie,Toulon,Golfe de Guinée,1.629,6.1154,Sauvetage en mer (SECMAR),2026-05-10,10,Terminée,3,121.1,310160,Mission écourtée (avarie/météo)
MIS-2026-011,FS SOMME,Bâtiment de commandement,Brest,Océan Indien / Mer Rouge,13.9767,53.2789,Lutte contre le narcotrafic,2026-05-11,24,Terminée,8,73.2,219360,Objectifs atteints à 100%
MIS-2026-090,FS LORRAINE,Frégate multi-missions,Toulon,Guyane / ZEE,6.7395,-51.9225,Présence navale & Coopération,2026-05-11,43,Terminée,1,318.3,988398,Objectifs atteints à 80%
MIS-2026-139,FS TONNERRE,Porte-hélicoptères amphibie,Toulon,Océan Indien / Mer Rouge,14.4796,52.153,Lutte contre le narcotrafic,2026-05-11,22,Terminée,3,514.8,581856,Objectifs atteints à 80%
MIS-2026-150,FS LORRAINE,Frégate multi-missions,Toulon,Atlantique Nord / Mer d Iroise,47.3026,-7.187,Présence navale & Coopération,2026-05-11,52,Terminée,0,377.3,1362244,Objectifs atteints à 80%
MIS-2026-195,FS JACQUES CHEVALLIER,Bâtiment ravitailleur,Toulon,Méditerranée Occidentale,41.145,3.9013,Lutte contre le narcotrafic,2026-05-11,39,Terminée,2,402.9,262392,Objectifs atteints à 80%
MIS-2026-197,FS LA COMBATTANTE,Patrouilleur Antilles-Guyane,Fort-de-France,Océan Indien / Mer Rouge,14.1164,53.0437,Escorte & Sécurité des flux maritimes,2026-05-11,41,Terminée,1,199.9,169576,Objectifs atteints à 80%
MIS-2026-367,FS MISTRAL,Porte-hélicoptères amphibie,Toulon,Golfe de Guinée,0.2722,5.4015,Présence navale & Coopération,2026-05-12,51,Terminée,0,819.0,986085,Mission écourtée (avarie/météo)
MIS-2026-069,FS LA CONFIANCE,Patrouilleur Antilles-Guyane,Dégrad-des-Cannes,Golfe de Guinée,3.613,1.9281,Escorte & Sécurité des flux maritimes,2026-05-13,15,Terminée,2,68.0,128220,Objectifs atteints à 100%
MIS-2026-084,FS LA CONFIANCE,Patrouilleur Antilles-Guyane,Dégrad-des-Cannes,Manche / Mer du Nord,50.7454,2.5804,Lutte contre le narcotrafic,2026-05-13,35,Terminée,3,262.0,264950,Mission écourtée (avarie/météo)
MIS-2026-201,FS D ENCASTREAUX,Bâtiment de soutien outre-mer,Nouméa,Manche / Mer du Nord,49.1464,-0.3748,Présence navale & Coopération,2026-05-13,33,Terminée,1,169.2,216810,Objectifs atteints à 100%
MIS-2026-399,FS BOUGAINVILLE,Bâtiment de soutien outre-mer,Papeete,Méditerranée Orientale,34.5832,28.5029,Présence navale & Coopération,2026-05-13,46,Terminée,0,214.6,457792,Objectifs atteints à 100%
MIS-2026-066,FS LORRAINE,Frégate multi-missions,Toulon,Antilles / Caraïbes,17.1757,-62.6496,Lutte contre le narcotrafic,2026-05-14,43,Terminée,8,305.2,1736469,Objectifs atteints à 80%
MIS-2026-163,ABEILLE BOURBON,Remorqueur d intervention,Brest,Méditerranée Occidentale,43.2088,4.0384,Présence navale & Coopération,2026-05-15,30,Terminée,0,133.6,235530,Objectifs atteints à 100%
MIS-2026-058,FS DIXMUDE,Porte-hélicoptères amphibie,Toulon,Guyane / ZEE,4.2971,-52.0299,Lutte contre le narcotrafic,2026-05-17,39,Terminée,6,751.6,692250,Mission écourtée (avarie/météo)
MIS-2026-244,FS D ENCASTREAUX,Bâtiment de soutien outre-mer,Nouméa,Guyane / ZEE,6.1859,-53.9407,Surveillance ZEE & Souveraineté,2026-05-17,12,Terminée,3,62.1,76176,Objectifs atteints à 100%
MIS-2026-072,FS MISTRAL,Porte-hélicoptères amphibie,Toulon,Océan Indien / Mer Rouge,15.6232,52.9508,Surveillance ZEE & Souveraineté,2026-05-18,35,Terminée,2,408.7,1080310,Objectifs atteints à 80%
MIS-2026-280,FS LA COMBATTANTE,Patrouilleur Antilles-Guyane,Fort-de-France,Manche / Mer du Nord,49.4392,1.9037,Sauvetage en mer (SECMAR),2026-05-18,6,Terminée,12,37.3,61644,Objectifs atteints à 80%
MIS-2026-024,FS CHAMPLAIN,Bâtiment de soutien outre-mer,La Réunion,Atlantique Nord / Mer d Iroise,49.0097,-4.155,Surveillance ZEE & Souveraineté,2026-05-19,32,Terminée,2,106.6,255296,Objectifs atteints à 80%
MIS-2026-079,FS AQUITAINE,Frégate multi-missions,Brest,Méditerranée Occidentale,39.9702,3.7134,Lutte contre le narcotrafic,2026-05-22,25,Terminée,5,148.7,759950,Objectifs atteints à 80%
MIS-2026-089,FS TONNERRE,Porte-hélicoptères amphibie,Toulon,Méditerranée Occidentale,41.1688,4.8235,Sauvetage en mer (SECMAR),2026-05-22,3,Terminée,4,47.5,56547,Mission écourtée (avarie/météo)
MIS-2026-144,FS BOUGAINVILLE,Bâtiment de soutien outre-mer,Papeete,Antilles / Caraïbes,17.1352,-60.3054,Police des pêches & Environnement,2026-05-22,25,Terminée,1,118.7,265850,Mission écourtée (avarie/météo)
MIS-2026-356,FS AQUITAINE,Frégate multi-missions,Brest,Antilles / Caraïbes,14.8741,-62.619,Escorte & Sécurité des flux maritimes,2026-05-22,27,Terminée,1,191.3,415935,Mission écourtée (avarie/météo)
MIS-2026-365,ABEILLE FLANDRE,Remorqueur d intervention,Toulon,Méditerranée Occidentale,40.9591,4.5176,Police des pêches & Environnement,2026-05-22,25,Terminée,3,156.1,241075,Objectifs atteints à 100%
MIS-2026-203,FS D ENCASTREAUX,Bâtiment de soutien outre-mer,Nouméa,Méditerranée Orientale,33.7746,29.7074,Lutte contre le narcotrafic,2026-05-23,28,Terminée,4,178.0,273672,Objectifs atteints à 100%
MIS-2026-204,FS D ENCASTREAUX,Bâtiment de soutien outre-mer,Nouméa,Océan Indien / Mer Rouge,15.5613,53.477,Police des pêches & Environnement,2026-05-24,18,Terminée,3,70.9,156546,Mission écourtée (avarie/météo)
MIS-2026-193,FS JACQUES CHEVALLIER,Bâtiment ravitailleur,Toulon,Manche / Mer du Nord,50.4225,-0.1874,Police des pêches & Environnement,2026-05-26,8,Terminée,3,74.0,65040,Objectifs atteints à 80%
MIS-2026-211,FS LA COMBATTANTE,Patrouilleur Antilles-Guyane,Fort-de-France,Manche / Mer du Nord,50.57,2.6423,Surveillance ZEE & Souveraineté,2026-05-26,21,Terminée,3,82.4,194313,Mission écourtée (avarie/météo)
MIS-2026-378,FS LORRAINE,Frégate multi-missions,Toulon,Méditerranée Orientale,35.9142,29.9332,Sauvetage en mer (SECMAR),2026-05-26,9,Terminée,5,36.7,346059,Objectifs atteints à 100%
MIS-2026-128,FS JACQUES CHEVALLIER,Bâtiment ravitailleur,Toulon,Océan Indien / Mer Rouge,13.0142,51.6456,Surveillance ZEE & Souveraineté,2026-05-27,20,Terminée,1,367.1,187760,Mission écourtée (avarie/météo)
MIS-2026-373,FS SOMME,Bâtiment de commandement,Brest,Manche / Mer du Nord,51.3377,-0.2842,Escorte & Sécurité des flux maritimes,2026-05-27,37,Terminée,2,133.6,310023,Mission écourtée (avarie/météo)
MIS-2026-162,FS CHAMPLAIN,Bâtiment de soutien outre-mer,La Réunion,Manche / Mer du Nord,49.271,-1.2821,Présence navale & Coopération,2026-05-28,57,Terminée,1,142.9,392730,Objectifs atteints à 100%
MIS-2026-287,FS TONNERRE,Porte-hélicoptères amphibie,Toulon,Antilles / Caraïbes,15.9766,-60.8609,Police des pêches & Environnement,2026-05-28,11,Terminée,4,172.5,393382,Objectifs atteints à 100%
MIS-2026-141,FS D ENCASTREAUX,Bâtiment de soutien outre-mer,Nouméa,Guyane / ZEE,5.8161,-49.3792,Escorte & Sécurité des flux maritimes,2026-05-29,39,Terminée,2,222.9,355524,Objectifs atteints à 80%
MIS-2026-184,FS BOUGAINVILLE,Bâtiment de soutien outre-mer,Papeete,Méditerranée Occidentale,40.2551,6.9937,Escorte & Sécurité des flux maritimes,2026-05-29,45,Terminée,2,315.5,304425,Mission écourtée (avarie/météo)
MIS-2026-102,FS DIXMUDE,Porte-hélicoptères amphibie,Toulon,Atlantique Nord / Mer d Iroise,47.077,-4.1899,Police des pêches & Environnement,2026-05-31,18,Terminée,3,283.8,448182,Objectifs atteints à 100%
MIS-2026-126,FS JACQUES CHEVALLIER,Bâtiment ravitailleur,Toulon,Méditerranée Occidentale,43.1438,6.5084,Escorte & Sécurité des flux maritimes,2026-05-31,16,Terminée,2,161.2,110336,Mission écourtée (avarie/météo)
MIS-2026-181,FS JACQUES CHEVALLIER,Bâtiment ravitailleur,Toulon,Méditerranée Occidentale,40.3551,8.5313,Escorte & Sécurité des flux maritimes,2026-05-31,35,Terminée,1,579.2,388920,Objectifs atteints à 100%
MIS-2026-012,ABEILLE BOURBON,Remorqueur d intervention,Brest,Atlantique Nord / Mer d Iroise,49.586,-6.3544,Police des pêches & Environnement,2026-06-02,19,Terminée,5,129.3,77786,Mission écourtée (avarie/météo)
MIS-2026-370,FS BOUGAINVILLE,Bâtiment de soutien outre-mer,Papeete,Océan Indien / Mer Rouge,14.3926,50.9924,Escorte & Sécurité des flux maritimes,2026-06-02,35,Terminée,0,171.8,236390,Objectifs atteints à 80%
MIS-2026-383,FS LA COMBATTANTE,Patrouilleur Antilles-Guyane,Fort-de-France,Golfe de Guinée,2.0868,3.6683,Police des pêches & Environnement,2026-06-02,23,Terminée,2,96.9,261832,Objectifs atteints à 80%
MIS-2026-002,FS AQUITAINE,Frégate multi-missions,Brest,Méditerranée Orientale,32.7955,25.9942,Lutte contre le narcotrafic,2026-06-04,36,Terminée,7,216.2,1034856,Objectifs atteints à 100%
MIS-2026-033,FS CHAMPLAIN,Bâtiment de soutien outre-mer,La Réunion,Méditerranée Occidentale,40.4583,5.4144,Sauvetage en mer (SECMAR),2026-06-04,7,Terminée,7,35.2,42399,Objectifs atteints à 100%
MIS-2026-083,FS AQUITAINE,Frégate multi-missions,Brest,Manche / Mer du Nord,49.3013,-1.5434,Police des pêches & Environnement,2026-06-04,17,Terminée,5,92.4,266543,Mission écourtée (avarie/météo)
MIS-2026-368,FS DIXMUDE,Porte-hélicoptères amphibie,Toulon,Manche / Mer du Nord,51.2983,-0.4727,Lutte contre le narcotrafic,2026-06-05,28,Terminée,7,529.9,808836,Objectifs atteints à 80%
MIS-2026-100,FS DIXMUDE,Porte-hélicoptères amphibie,Toulon,Méditerranée Occidentale,42.835,6.7986,Lutte contre le narcotrafic,2026-06-06,22,Terminée,3,362.1,750376,Objectifs atteints à 100%
MIS-2026-194,FS CHAMPLAIN,Bâtiment de soutien outre-mer,La Réunion,Golfe de Guinée,0.6277,6.3754,Escorte & Sécurité des flux maritimes,2026-06-06,36,Terminée,1,157.2,243972,Mission écourtée (avarie/météo)
MIS-2026-227,FS NORMANDIE,Frégate multi-missions,Brest,Manche / Mer du Nord,51.1578,2.4188,Présence navale & Coopération,2026-06-07,51,Terminée,0,188.9,877404,Objectifs atteints à 100%
MIS-2026-380,FS DIXMUDE,Porte-hélicoptères amphibie,Toulon,Guyane / ZEE,5.7614,-51.853,Surveillance ZEE & Souveraineté,2026-06-07,16,Terminée,4,390.6,440960,Objectifs atteints à 100%
MIS-2026-278,FS LORRAINE,Frégate multi-missions,Toulon,Méditerranée Occidentale,39.893,5.4952,Sauvetage en mer (SECMAR),2026-06-08,10,Terminée,3,49.2,213930,Objectifs atteints à 80%
MIS-2026-096,FS AQUITAINE,Frégate multi-missions,Brest,Guyane / ZEE,6.6937,-50.7508,Sauvetage en mer (SECMAR),2026-06-09,8,Terminée,8,54.1,345264,Mission écourtée (avarie/météo)
MIS-2026-122,FS LORRAINE,Frégate multi-missions,Toulon,Atlantique Nord / Mer d Iroise,48.2791,-6.2582,Lutte contre le narcotrafic,2026-06-09,28,Terminée,4,123.3,968100,Mission écourtée (avarie/météo)
MIS-2026-293,FS JACQUES CHEVALLIER,Bâtiment ravitailleur,Toulon,Méditerranée Occidentale,40.7998,7.1972,Surveillance ZEE & Souveraineté,2026-06-10,24,Terminée,2,367.1,113928,Mission écourtée (avarie/météo)
MIS-2026-130,FS SOMME,Bâtiment de commandement,Brest,Atlantique Nord / Mer d Iroise,49.4985,-8.5412,Lutte contre le narcotrafic,2026-06-12,43,Terminée,6,153.8,319877,Objectifs atteints à 80%
MIS-2026-315,FS CHEVALIER PAUL,Frégate de défense aérienne,Toulon,Méditerranée Orientale,35.7225,29.386,Escorte & Sécurité des flux maritimes,2026-06-12,26,Terminée,1,65.2,949988,Objectifs atteints à 80%
MIS-2026-111,FS AQUITAINE,Frégate multi-missions,Brest,Guyane / ZEE,5.6699,-53.3011,Présence navale & Coopération,2026-06-16,44,Terminée,0,177.0,1370248,Objectifs atteints à 100%
MIS-2026-174,FS LORRAINE,Frégate multi-missions,Toulon,Océan Indien / Mer Rouge,13.2033,54.3026,Police des pêches & Environnement,2026-06-16,17,Terminée,1,105.0,532984,Mission écourtée (avarie/météo)
MIS-2026-047,FS MISTRAL,Porte-hélicoptères amphibie,Toulon,Guyane / ZEE,4.5053,-51.4227,Présence navale & Coopération,2026-06-18,35,Terminée,1,335.6,1386455,Objectifs atteints à 100%
MIS-2026-230,FS LE MALOUIN,Patrouilleur côtier,Cherbourg,Méditerranée Orientale,34.5765,27.0678,Sauvetage en mer (SECMAR),2026-06-19,5,Terminée,7,14.0,58850,Mission écourtée (avarie/météo)
MIS-2026-386,FS CHAMPLAIN,Bâtiment de soutien outre-mer,La Réunion,Manche / Mer du Nord,48.7892,2.1806,Escorte & Sécurité des flux maritimes,2026-06-19,16,Terminée,0,95.2,118624,Objectifs atteints à 80%
MIS-2026-045,FS CHAMPLAIN,Bâtiment de soutien outre-mer,La Réunion,Méditerranée Occidentale,43.0853,7.0866,Lutte contre le narcotrafic,2026-06-20,33,Terminée,3,184.1,213345,Objectifs atteints à 80%
MIS-2026-007,FS DIXMUDE,Porte-hélicoptères amphibie,Toulon,Océan Indien / Mer Rouge,13.1611,54.1833,Sauvetage en mer (SECMAR),2026-06-21,6,Terminée,4,110.1,123642,Mission écourtée (avarie/météo)
MIS-2026-022,ABEILLE BOURBON,Remorqueur d intervention,Brest,Guyane / ZEE,6.5524,-50.7691,Présence navale & Coopération,2026-06-22,28,Terminée,0,126.4,189812,Objectifs atteints à 100%
MIS-2026-202,ABEILLE FLANDRE,Remorqueur d intervention,Toulon,Océan Indien / Mer Rouge,14.9792,53.1046,Escorte & Sécurité des flux maritimes,2026-06-23,26,Terminée,2,169.5,160290,Mission écourtée (avarie/météo)
MIS-2026-271,FS NORMANDIE,Frégate multi-missions,Brest,Manche / Mer du Nord,51.2802,2.6496,Sauvetage en mer (SECMAR),2026-06-23,4,Terminée,6,20.3,132336,Objectifs atteints à 100%
MIS-2026-296,FS LORRAINE,Frégate multi-missions,Toulon,Antilles / Caraïbes,14.2143,-61.3475,Lutte contre le narcotrafic,2026-06-23,40,Terminée,2,222.1,815080,Objectifs atteints à 80%
MIS-2026-224,ABEILLE FLANDRE,Remorqueur d intervention,Toulon,Antilles / Caraïbes,17.1709,-59.6272,Police des pêches & Environnement,2026-06-24,9,Terminée,2,51.9,61632,Objectifs atteints à 100%
MIS-2026-076,FS D ENCASTREAUX,Bâtiment de soutien outre-mer,Nouméa,Atlantique Nord / Mer d Iroise,46.193,-8.254,Escorte & Sécurité des flux maritimes,2026-06-25,35,Terminée,2,253.6,164395,Objectifs atteints à 100%
MIS-2026-121,FS FORBIN,Frégate de défense aérienne,Toulon,Guyane / ZEE,4.5887,-50.438,Police des pêches & Environnement,2026-06-25,20,Terminée,4,57.3,352940,Objectifs atteints à 80%
MIS-2026-125,FS LE MALOUIN,Patrouilleur côtier,Cherbourg,Golfe de Guinée,3.5227,1.8357,Sauvetage en mer (SECMAR),2026-06-25,5,Terminée,4,14.8,23955,Mission écourtée (avarie/météo)
MIS-2026-249,FS D ENCASTREAUX,Bâtiment de soutien outre-mer,Nouméa,Golfe de Guinée,3.5321,5.9966,Surveillance ZEE & Souveraineté,2026-06-25,14,Terminée,1,47.6,153524,Objectifs atteints à 80%
MIS-2026-321,FS NORMANDIE,Frégate multi-missions,Brest,Atlantique Nord / Mer d Iroise,47.0952,-5.4765,Lutte contre le narcotrafic,2026-06-25,45,Terminée,6,121.6,1907595,Objectifs atteints à 80%
MIS-2026-082,FS LA COMBATTANTE,Patrouilleur Antilles-Guyane,Fort-de-France,Guyane / ZEE,5.2947,-51.9875,Surveillance ZEE & Souveraineté,2026-06-26,26,Terminée,3,130.1,209170,Objectifs atteints à 80%
MIS-2026-003,ABEILLE FLANDRE,Remorqueur d intervention,Toulon,Golfe de Guinée,1.7214,2.8894,Surveillance ZEE & Souveraineté,2026-06-28,17,Terminée,2,123.9,114869,Objectifs atteints à 100%
MIS-2026-074,FS FORBIN,Frégate de défense aérienne,Toulon,Manche / Mer du Nord,51.7987,1.1893,Escorte & Sécurité des flux maritimes,2026-06-28,24,Terminée,1,72.3,369624,Mission écourtée (avarie/météo)
MIS-2026-039,FS TONNERRE,Porte-hélicoptères amphibie,Toulon,Golfe de Guinée,0.5891,5.8608,Lutte contre le narcotrafic,2026-06-29,45,Terminée,8,720.1,969255,Objectifs atteints à 80%
MIS-2026-080,FS FORBIN,Frégate de défense aérienne,Toulon,Méditerranée Orientale,35.7946,25.3559,Sauvetage en mer (SECMAR),2026-06-29,7,Terminée,6,49.8,285705,Mission écourtée (avarie/météo)
MIS-2026-129,FS LA CONFIANCE,Patrouilleur Antilles-Guyane,Dégrad-des-Cannes,Manche / Mer du Nord,51.1447,2.6077,Lutte contre le narcotrafic,2026-06-29,28,Terminée,4,70.9,311500,Objectifs atteints à 100%
MIS-2026-388,FS NORMANDIE,Frégate multi-missions,Brest,Golfe de Guinée,0.6938,5.6533,Escorte & Sécurité des flux maritimes,2026-06-29,34,Terminée,0,172.0,1198160,Objectifs atteints à 100%
MIS-2026-094,FS FORBIN,Frégate de défense aérienne,Toulon,Océan Indien / Mer Rouge,15.4883,51.4062,Présence navale & Coopération,2026-06-30,55,Terminée,0,273.7,891715,Objectifs atteints à 100%
MIS-2026-175,FS SOMME,Bâtiment de commandement,Brest,Atlantique Nord / Mer d Iroise,47.6066,-4.0182,Sauvetage en mer (SECMAR),2026-06-30,7,Terminée,7,41.8,56161,Objectifs atteints à 100%
MIS-2026-228,FS FORBIN,Frégate de défense aérienne,Toulon,Guyane / ZEE,7.34,-52.7763,Escorte & Sécurité des flux maritimes,2026-06-30,36,Terminée,0,162.4,816408,Mission écourtée (avarie/météo)
MIS-2026-336,FS FORBIN,Frégate de défense aérienne,Toulon,Manche / Mer du Nord,51.702,1.8718,Lutte contre le narcotrafic,2026-06-30,38,Terminée,8,195.0,1024328,Objectifs atteints à 100%
MIS-2026-146,FS AQUITAINE,Frégate multi-missions,Brest,Méditerranée Occidentale,41.2759,5.8971,Surveillance ZEE & Souveraineté,2026-07-01,19,Terminée,2,82.1,461111,Objectifs atteints à 80%
MIS-2026-306,FS LA COMBATTANTE,Patrouilleur Antilles-Guyane,Fort-de-France,Méditerranée Occidentale,40.194,3.7568,Surveillance ZEE & Souveraineté,2026-07-01,12,Terminée,4,87.2,99408,Mission écourtée (avarie/météo)
MIS-2026-156,FS FORBIN,Frégate de défense aérienne,Toulon,Guyane / ZEE,7.2452,-49.7442,Sauvetage en mer (SECMAR),2026-07-02,4,Terminée,7,11.7,81012,Objectifs atteints à 80%
MIS-2026-044,FS LE MALOUIN,Patrouilleur côtier,Cherbourg,Océan Indien / Mer Rouge,15.4402,52.0356,Présence navale & Coopération,2026-07-04,32,Terminée,1,132.2,310752,Objectifs atteints à 80%
MIS-2026-131,FS LE MALOUIN,Patrouilleur côtier,Cherbourg,Méditerranée Occidentale,40.8678,8.407,Sauvetage en mer (SECMAR),2026-07-04,7,Terminée,12,20.5,31010,Objectifs atteints à 100%
MIS-2026-347,FS MISTRAL,Porte-hélicoptères amphibie,Toulon,Méditerranée Orientale,36.0321,27.7006,Police des pêches & Environnement,2026-07-04,24,Terminée,3,313.3,435408,Objectifs atteints à 100%
MIS-2026-372,FS SOMME,Bâtiment de commandement,Brest,Océan Indien / Mer Rouge,12.2916,51.9869,Présence navale & Coopération,2026-07-04,33,Terminée,1,125.3,245124,Objectifs atteints à 80%
MIS-2026-092,FS LE MALOUIN,Patrouilleur côtier,Cherbourg,Golfe de Guinée,1.2748,4.4347,Surveillance ZEE & Souveraineté,2026-07-05,21,Terminée,4,143.4,160818,Mission écourtée (avarie/météo)
MIS-2026-120,FS BOUGAINVILLE,Bâtiment de soutien outre-mer,Papeete,Méditerranée Orientale,35.5196,29.3349,Escorte & Sécurité des flux maritimes,2026-07-06,16,Terminée,2,64.1,148320,Objectifs atteints à 100%
MIS-2026-171,ABEILLE FLANDRE,Remorqueur d intervention,Toulon,Océan Indien / Mer Rouge,15.3321,51.2628,Police des pêches & Environnement,2026-07-06,8,Terminée,4,31.0,83864,Objectifs atteints à 100%
MIS-2026-225,FS DIXMUDE,Porte-hélicoptères amphibie,Toulon,Antilles / Caraïbes,17.2234,-59.8259,Escorte & Sécurité des flux maritimes,2026-07-06,19,Terminée,0,468.1,573249,Mission écourtée (avarie/météo)
MIS-2026-361,FS LA COMBATTANTE,Patrouilleur Antilles-Guyane,Fort-de-France,Guyane / ZEE,5.7004,-50.7722,Sauvetage en mer (SECMAR),2026-07-06,7,Terminée,6,33.0,80374,Objectifs atteints à 80%
MIS-2026-282,ABEILLE FLANDRE,Remorqueur d intervention,Toulon,Méditerranée Orientale,35.6883,28.7567,Police des pêches & Environnement,2026-07-08,10,Terminée,3,68.7,42640,Objectifs atteints à 80%
MIS-2026-207,FS LA CONFIANCE,Patrouilleur Antilles-Guyane,Dégrad-des-Cannes,Méditerranée Occidentale,41.8126,4.9123,Surveillance ZEE & Souveraineté,2026-07-09,31,Terminée,2,176.4,137330,Objectifs atteints à 100%
MIS-2026-119,FS LORRAINE,Frégate multi-missions,Toulon,Antilles / Caraïbes,13.9288,-61.7586,Escorte & Sécurité des flux maritimes,2026-07-10,18,Terminée,1,91.2,334314,Objectifs atteints à 80%
MIS-2026-222,FS CHEVALIER PAUL,Frégate de défense aérienne,Toulon,Antilles / Caraïbes,14.4844,-63.6349,Sauvetage en mer (SECMAR),2026-07-10,3,Terminée,9,12.7,51267,Mission écourtée (avarie/météo)
MIS-2026-108,FS DIXMUDE,Porte-hélicoptères amphibie,Toulon,Golfe de Guinée,3.3334,5.5212,Police des pêches & Environnement,2026-07-11,16,Terminée,4,389.9,313792,Objectifs atteints à 100%
MIS-2026-206,FS AQUITAINE,Frégate multi-missions,Brest,Océan Indien / Mer Rouge,13.9247,50.5103,Police des pêches & Environnement,2026-07-11,15,Terminée,5,57.8,501240,Mission écourtée (avarie/météo)
MIS-2026-307,FS LA CONFIANCE,Patrouilleur Antilles-Guyane,Dégrad-des-Cannes,Méditerranée Occidentale,42.512,5.0438,Sauvetage en mer (SECMAR),2026-07-11,5,Terminée,4,31.8,21200,Objectifs atteints à 80%
MIS-2026-323,FS CHEVALIER PAUL,Frégate de défense aérienne,Toulon,Antilles / Caraïbes,15.6804,-63.5264,Police des pêches & Environnement,2026-07-11,24,Terminée,1,156.5,469920,Objectifs atteints à 100%
MIS-2026-250,FS CHEVALIER PAUL,Frégate de défense aérienne,Toulon,Méditerranée Orientale,35.6545,29.1045,Escorte & Sécurité des flux maritimes,2026-07-12,19,Terminée,0,75.9,636101,Objectifs atteints à 100%
MIS-2026-235,FS FORBIN,Frégate de défense aérienne,Toulon,Atlantique Nord / Mer d Iroise,48.1153,-5.6427,Lutte contre le narcotrafic,2026-07-14,45,Terminée,3,220.4,1957050,Objectifs atteints à 80%
MIS-2026-344,FS NORMANDIE,Frégate multi-missions,Brest,Guyane / ZEE,6.6738,-53.1867,Escorte & Sécurité des flux maritimes,2026-07-14,35,Terminée,0,227.4,563290,Objectifs atteints à 80%
MIS-2026-375,FS LORRAINE,Frégate multi-missions,Toulon,Golfe de Guinée,3.4854,6.2346,Présence navale & Coopération,2026-07-15,60,Terminée,1,346.3,1336920,Objectifs atteints à 80%
MIS-2026-062,FS MISTRAL,Porte-hélicoptères amphibie,Toulon,Guyane / ZEE,5.528,-50.9705,Présence navale & Coopération,2026-07-16,41,Terminée,0,870.1,835006,Objectifs atteints à 80%
MIS-2026-331,FS FORBIN,Frégate de défense aérienne,Toulon,Guyane / ZEE,6.3024,-52.8362,Escorte & Sécurité des flux maritimes,2026-07-16,26,Terminée,0,78.0,949624,Objectifs atteints à 100%
MIS-2026-166,FS DIXMUDE,Porte-hélicoptères amphibie,Toulon,Méditerranée Occidentale,43.097,3.8849,Surveillance ZEE & Souveraineté,2026-07-18,34,Terminée,2,297.3,732224,Objectifs atteints à 100%
MIS-2026-015,FS JACQUES CHEVALLIER,Bâtiment ravitailleur,Toulon,Méditerranée Occidentale,43.0208,8.2925,Escorte & Sécurité des flux maritimes,2026-07-19,45,Terminée,2,608.0,187155,Objectifs atteints à 100%
MIS-2026-397,ABEILLE FLANDRE,Remorqueur d intervention,Toulon,Méditerranée Occidentale,40.991,3.8441,Escorte & Sécurité des flux maritimes,2026-07-19,27,Terminée,2,186.3,268839,Objectifs atteints à 100%
MIS-2026-259,FS LA CONFIANCE,Patrouilleur Antilles-Guyane,Dégrad-des-Cannes,Antilles / Caraïbes,13.9769,-62.7415,Sauvetage en mer (SECMAR),2026-07-20,10,Terminée,6,61.0,80610,Mission écourtée (avarie/météo)
MIS-2026-291,FS FORBIN,Frégate de défense aérienne,Toulon,Manche / Mer du Nord,51.4121,-1.9186,Surveillance ZEE & Souveraineté,2026-07-20,32,Terminée,2,150.6,480704,Objectifs atteints à 80%
MIS-2026-300,FS SOMME,Bâtiment de commandement,Brest,Golfe de Guinée,3.4325,6.2734,Présence navale & Coopération,2026-07-20,28,Terminée,1,124.0,167272,Objectifs atteints à 80%
MIS-2026-077,FS NORMANDIE,Frégate multi-missions,Brest,Antilles / Caraïbes,15.9263,-60.1215,Escorte & Sécurité des flux maritimes,2026-07-22,34,Terminée,1,161.6,1003238,Objectifs atteints à 80%
MIS-2026-147,ABEILLE BOURBON,Remorqueur d intervention,Brest,Océan Indien / Mer Rouge,14.4712,51.1732,Présence navale & Coopération,2026-07-22,28,Terminée,1,83.2,267596,Objectifs atteints à 80%
MIS-2026-251,FS SOMME,Bâtiment de commandement,Brest,Océan Indien / Mer Rouge,15.7585,53.1208,Police des pêches & Environnement,2026-07-22,11,Terminée,5,68.5,75163,Objectifs atteints à 100%
MIS-2026-265,FS LA CONFIANCE,Patrouilleur Antilles-Guyane,Dégrad-des-Cannes,Méditerranée Occidentale,41.0572,5.9453,Présence navale & Coopération,2026-07-22,52,Terminée,1,281.4,435604,Mission écourtée (avarie/météo)
MIS-2026-362,FS D ENCASTREAUX,Bâtiment de soutien outre-mer,Nouméa,Océan Indien / Mer Rouge,12.7723,51.0556,Surveillance ZEE & Souveraineté,2026-07-22,28,Terminée,4,89.0,307244,Mission écourtée (avarie/météo)
MIS-2026-064,FS NORMANDIE,Frégate multi-missions,Brest,Golfe de Guinée,3.7418,5.4132,Présence navale & Coopération,2026-07-23,32,Terminée,1,165.2,1173632,Objectifs atteints à 80%
MIS-2026-329,FS BOUGAINVILLE,Bâtiment de soutien outre-mer,Papeete,Méditerranée Orientale,32.7703,26.9125,Présence navale & Coopération,2026-07-23,59,En cours,1,289.0,613659,Opération active
MIS-2026-254,FS SOMME,Bâtiment de commandement,Brest,Atlantique Nord / Mer d Iroise,46.8872,-8.6325,Escorte & Sécurité des flux maritimes,2026-07-24,24,Terminée,1,78.5,235920,Mission écourtée (avarie/météo)
MIS-2026-272,FS LE MALOUIN,Patrouilleur côtier,Cherbourg,Antilles / Caraïbes,15.1582,-63.0777,Police des pêches & Environnement,2026-07-24,14,Terminée,4,62.7,140560,Mission écourtée (avarie/météo)
MIS-2026-169,FS D ENCASTREAUX,Bâtiment de soutien outre-mer,Nouméa,Océan Indien / Mer Rouge,12.4974,51.6225,Escorte & Sécurité des flux maritimes,2026-07-25,23,Terminée,1,126.8,246928,Objectifs atteints à 100%
MIS-2026-238,FS JACQUES CHEVALLIER,Bâtiment ravitailleur,Toulon,Guyane / ZEE,7.7327,-51.6525,Police des pêches & Environnement,2026-07-25,10,Terminée,3,235.4,70360,Objectifs atteints à 80%
MIS-2026-312,FS NORMANDIE,Frégate multi-missions,Brest,Manche / Mer du Nord,50.2568,-1.7704,Lutte contre le narcotrafic,2026-07-25,27,Terminée,5,76.8,816480,Objectifs atteints à 80%
MIS-2026-352,FS NORMANDIE,Frégate multi-missions,Brest,Atlantique Nord / Mer d Iroise,47.9492,-4.1465,Présence navale & Coopération,2026-07-26,47,Terminée,0,247.6,1999897,Objectifs atteints à 80%
MIS-2026-165,FS LORRAINE,Frégate multi-missions,Toulon,Manche / Mer du Nord,50.7141,2.1519,Sauvetage en mer (SECMAR),2026-07-28,8,Terminée,10,59.2,245440,Mission écourtée (avarie/météo)
MIS-2026-167,FS LE MALOUIN,Patrouilleur côtier,Cherbourg,Golfe de Guinée,2.1549,2.7666,Escorte & Sécurité des flux maritimes,2026-07-28,27,Terminée,2,93.3,186948,Objectifs atteints à 100%
MIS-2026-264,FS MISTRAL,Porte-hélicoptères amphibie,Toulon,Guyane / ZEE,7.252,-50.0248,Sauvetage en mer (SECMAR),2026-07-29,4,Terminée,10,41.5,99692,Objectifs atteints à 100%
MIS-2026-065,FS AQUITAINE,Frégate multi-missions,Brest,Océan Indien / Mer Rouge,13.9647,51.6676,Surveillance ZEE & Souveraineté,2026-07-30,25,Terminée,3,141.9,1053875,Objectifs atteints à 80%
MIS-2026-226,FS CHAMPLAIN,Bâtiment de soutien outre-mer,La Réunion,Antilles / Caraïbes,14.5268,-61.6969,Escorte & Sécurité des flux maritimes,2026-07-30,27,Terminée,0,104.7,315333,Mission écourtée (avarie/météo)
MIS-2026-005,FS SOMME,Bâtiment de commandement,Brest,Atlantique Nord / Mer d Iroise,48.2631,-4.5727,Escorte & Sécurité des flux maritimes,2026-08-01,24,Terminée,1,129.3,234504,Objectifs atteints à 100%
MIS-2026-290,FS MISTRAL,Porte-hélicoptères amphibie,Toulon,Guyane / ZEE,5.2209,-51.2634,Sauvetage en mer (SECMAR),2026-08-01,8,Terminée,5,141.0,247224,Objectifs atteints à 80%
MIS-2026-055,ABEILLE FLANDRE,Remorqueur d intervention,Toulon,Antilles / Caraïbes,15.2125,-59.4758,Surveillance ZEE & Souveraineté,2026-08-02,18,Terminée,1,122.1,184878,Mission écourtée (avarie/météo)
MIS-2026-113,FS LORRAINE,Frégate multi-missions,Toulon,Antilles / Caraïbes,15.4616,-61.9594,Présence navale & Coopération,2026-08-02,31,Terminée,1,82.6,841371,Objectifs atteints à 100%
MIS-2026-363,FS CHEVALIER PAUL,Frégate de défense aérienne,Toulon,Méditerranée Occidentale,40.4226,3.9881,Lutte contre le narcotrafic,2026-08-02,48,Terminée,2,229.5,1286784,Mission écourtée (avarie/météo)
MIS-2026-061,FS FORBIN,Frégate de défense aérienne,Toulon,Manche / Mer du Nord,48.4734,-1.2381,Lutte contre le narcotrafic,2026-08-03,26,Terminée,3,126.6,487448,Mission écourtée (avarie/météo)
MIS-2026-242,FS DIXMUDE,Porte-hélicoptères amphibie,Toulon,Manche / Mer du Nord,51.4481,2.7259,Escorte & Sécurité des flux maritimes,2026-08-03,16,Terminée,2,141.2,243344,Objectifs atteints à 80%
MIS-2026-004,FS AQUITAINE,Frégate multi-missions,Brest,Antilles / Caraïbes,14.9382,-62.6774,Surveillance ZEE & Souveraineté,2026-08-05,23,Terminée,1,141.4,749133,Objectifs atteints à 100%
MIS-2026-192,FS D ENCASTREAUX,Bâtiment de soutien outre-mer,Nouméa,Golfe de Guinée,0.587,2.1697,Escorte & Sécurité des flux maritimes,2026-08-05,15,Terminée,1,92.1,153855,Objectifs atteints à 80%
MIS-2026-332,FS LA CONFIANCE,Patrouilleur Antilles-Guyane,Dégrad-des-Cannes,Manche / Mer du Nord,51.9376,-0.0579,Lutte contre le narcotrafic,2026-08-05,38,Terminée,8,283.4,206074,Objectifs atteints à 100%
MIS-2026-374,FS D ENCASTREAUX,Bâtiment de soutien outre-mer,Nouméa,Océan Indien / Mer Rouge,12.812,52.7881,Escorte & Sécurité des flux maritimes,2026-08-05,24,Terminée,2,81.7,115176,Objectifs atteints à 80%
MIS-2026-289,FS AQUITAINE,Frégate multi-missions,Brest,Guyane / ZEE,4.428,-51.3279,Présence navale & Coopération,2026-08-06,47,En cours,0,345.0,1975316,Opération active
MIS-2026-299,FS TONNERRE,Porte-hélicoptères amphibie,Toulon,Golfe de Guinée,3.2495,5.8791,Présence navale & Coopération,2026-08-06,26,Terminée,0,436.8,824096,Objectifs atteints à 100%
MIS-2026-006,FS FORBIN,Frégate de défense aérienne,Toulon,Méditerranée Orientale,33.538,25.505,Sauvetage en mer (SECMAR),2026-08-07,4,Terminée,7,19.1,169328,Objectifs atteints à 80%
MIS-2026-220,FS MISTRAL,Porte-hélicoptères amphibie,Toulon,Méditerranée Occidentale,41.5732,4.2812,Lutte contre le narcotrafic,2026-08-07,30,Terminée,3,605.6,930510,Objectifs atteints à 100%
MIS-2026-020,FS FORBIN,Frégate de défense aérienne,Toulon,Méditerranée Orientale,33.8895,27.5708,Surveillance ZEE & Souveraineté,2026-08-09,13,Terminée,3,76.0,286260,Mission écourtée (avarie/météo)
MIS-2026-104,FS SOMME,Bâtiment de commandement,Brest,Golfe de Guinée,2.6689,5.2233,Surveillance ZEE & Souveraineté,2026-08-10,30,Terminée,1,211.6,303120,Objectifs atteints à 80%
MIS-2026-283,FS LA CONFIANCE,Patrouilleur Antilles-Guyane,Dégrad-des-Cannes,Océan Indien / Mer Rouge,15.7782,53.3782,Surveillance ZEE & Souveraineté,2026-08-10,26,Terminée,2,92.3,261092,Mission écourtée (avarie/météo)
MIS-2026-286,FS LORRAINE,Frégate multi-missions,Toulon,Antilles / Caraïbes,16.0612,-60.4929,Surveillance ZEE & Souveraineté,2026-08-10,20,Terminée,2,75.0,766200,Objectifs atteints à 80%
MIS-2026-353,FS BOUGAINVILLE,Bâtiment de soutien outre-mer,Papeete,Antilles / Caraïbes,17.0709,-61.1364,Escorte & Sécurité des flux maritimes,2026-08-10,36,Terminée,0,175.7,167256,Objectifs atteints à 80%
MIS-2026-097,FS SOMME,Bâtiment de commandement,Brest,Océan Indien / Mer Rouge,14.1477,52.5873,Présence navale & Coopération,2026-08-12,56,En cours,0,316.7,646464,Opération active
MIS-2026-152,FS BOUGAINVILLE,Bâtiment de soutien outre-mer,Papeete,Manche / Mer du Nord,51.1587,-1.3448,Présence navale & Coopération,2026-08-13,46,En cours,1,150.5,252126,Opération active
MIS-2026-031,FS LA CONFIANCE,Patrouilleur Antilles-Guyane,Dégrad-des-Cannes,Méditerranée Occidentale,40.5794,5.1249,Sauvetage en mer (SECMAR),2026-08-14,4,Terminée,10,26.7,39052,Objectifs atteints à 80%
MIS-2026-328,FS TONNERRE,Porte-hélicoptères amphibie,Toulon,Golfe de Guinée,2.1825,1.8049,Police des pêches & Environnement,2026-08-14,20,Terminée,3,290.2,574740,Objectifs atteints à 100%
MIS-2026-359,FS LORRAINE,Frégate multi-missions,Toulon,Antilles / Caraïbes,16.8642,-60.5474,Surveillance ZEE & Souveraineté,2026-08-16,24,Terminée,1,149.5,571200,Objectifs atteints à 80%
MIS-2026-196,FS BOUGAINVILLE,Bâtiment de soutien outre-mer,Papeete,Guyane / ZEE,6.0558,-52.3602,Lutte contre le narcotrafic,2026-08-17,39,En cours,6,159.6,281541,Opération active
MIS-2026-052,FS BOUGAINVILLE,Bâtiment de soutien outre-mer,Papeete,Antilles / Caraïbes,14.273,-59.6925,Escorte & Sécurité des flux maritimes,2026-08-18,29,Terminée,1,110.1,174725,Mission écourtée (avarie/météo)
MIS-2026-314,FS JACQUES CHEVALLIER,Bâtiment ravitailleur,Toulon,Guyane / ZEE,6.1676,-50.0201,Lutte contre le narcotrafic,2026-08-19,43,En cours,3,348.7,316437,Opération active
MIS-2026-327,ABEILLE BOURBON,Remorqueur d intervention,Brest,Méditerranée Occidentale,40.3737,5.0993,Sauvetage en mer (SECMAR),2026-08-21,6,Terminée,5,16.0,54432,Mission écourtée (avarie/météo)
MIS-2026-384,FS JACQUES CHEVALLIER,Bâtiment ravitailleur,Toulon,Méditerranée Orientale,36.0055,27.017,Lutte contre le narcotrafic,2026-08-21,50,En cours,3,590.7,253700,Opération active
MIS-2026-218,FS JACQUES CHEVALLIER,Bâtiment ravitailleur,Toulon,Antilles / Caraïbes,15.395,-61.3124,Présence navale & Coopération,2026-08-22,60,En cours,0,1257.1,574380,Opération active
MIS-2026-333,FS TONNERRE,Porte-hélicoptères amphibie,Toulon,Océan Indien / Mer Rouge,14.3296,53.0173,Présence navale & Coopération,2026-08-22,47,En cours,1,1133.1,1572996,Opération active
MIS-2026-390,FS DIXMUDE,Porte-hélicoptères amphibie,Toulon,Manche / Mer du Nord,49.1477,2.6656,Escorte & Sécurité des flux maritimes,2026-08-22,30,En cours,1,359.6,462510,Opération active
MIS-2026-159,FS LORRAINE,Frégate multi-missions,Toulon,Méditerranée Occidentale,42.6871,7.1804,Surveillance ZEE & Souveraineté,2026-08-23,21,Terminée,2,132.2,637791,Objectifs atteints à 80%
MIS-2026-335,FS BOUGAINVILLE,Bâtiment de soutien outre-mer,Papeete,Guyane / ZEE,6.4109,-49.9678,Surveillance ZEE & Souveraineté,2026-08-23,22,Terminée,3,133.9,253572,Objectifs atteints à 80%
MIS-2026-091,FS CHAMPLAIN,Bâtiment de soutien outre-mer,La Réunion,Méditerranée Occidentale,41.8578,7.4315,Police des pêches & Environnement,2026-08-24,13,Terminée,2,88.7,81419,Objectifs atteints à 80%
MIS-2026-245,FS BOUGAINVILLE,Bâtiment de soutien outre-mer,Papeete,Antilles / Caraïbes,14.0467,-63.2555,Lutte contre le narcotrafic,2026-08-24,23,Terminée,3,128.8,139541,Objectifs atteints à 80%
MIS-2026-297,FS JACQUES CHEVALLIER,Bâtiment ravitailleur,Toulon,Méditerranée Orientale,34.1822,28.4328,Présence navale & Coopération,2026-08-24,34,En cours,0,322.1,163982,Opération active
MIS-2026-340,FS FORBIN,Frégate de défense aérienne,Toulon,Méditerranée Occidentale,42.6117,6.7569,Escorte & Sécurité des flux maritimes,2026-08-24,25,Terminée,2,133.2,781450,Objectifs atteints à 100%
MIS-2026-038,ABEILLE BOURBON,Remorqueur d intervention,Brest,Manche / Mer du Nord,49.5959,2.6541,Lutte contre le narcotrafic,2026-08-25,43,En cours,8,251.5,430903,Opération active
MIS-2026-088,FS MISTRAL,Porte-hélicoptères amphibie,Toulon,Golfe de Guinée,1.2369,5.9042,Escorte & Sécurité des flux maritimes,2026-08-26,19,Terminée,1,191.2,677236,Mission écourtée (avarie/météo)
MIS-2026-210,FS FORBIN,Frégate de défense aérienne,Toulon,Méditerranée Occidentale,43.0107,8.6859,Police des pêches & Environnement,2026-08-28,12,Terminée,4,77.3,253260,Mission écourtée (avarie/météo)
MIS-2026-149,FS SOMME,Bâtiment de commandement,Brest,Méditerranée Occidentale,40.005,6.4946,Escorte & Sécurité des flux maritimes,2026-08-29,37,En cours,2,239.0,394457,Opération active
MIS-2026-035,ABEILLE BOURBON,Remorqueur d intervention,Brest,Manche / Mer du Nord,51.5792,2.5196,Surveillance ZEE & Souveraineté,2026-08-30,14,Terminée,1,93.4,122794,Mission écourtée (avarie/météo)
MIS-2026-396,FS NORMANDIE,Frégate multi-missions,Brest,Méditerranée Occidentale,42.7397,4.2186,Présence navale & Coopération,2026-08-30,28,En cours,1,182.3,1042412,Opération active
MIS-2026-157,ABEILLE FLANDRE,Remorqueur d intervention,Toulon,Méditerranée Occidentale,42.9778,7.7835,Police des pêches & Environnement,2026-08-31,9,Terminée,3,64.4,66582,Objectifs atteints à 100%
MIS-2026-185,FS FORBIN,Frégate de défense aérienne,Toulon,Manche / Mer du Nord,50.7092,0.8839,Surveillance ZEE & Souveraineté,2026-08-31,13,Terminée,2,82.4,372450,Mission écourtée (avarie/météo)
MIS-2026-172,FS AQUITAINE,Frégate multi-missions,Brest,Antilles / Caraïbes,13.8121,-59.7567,Sauvetage en mer (SECMAR),2026-09-01,5,Terminée,10,13.4,86015,Objectifs atteints à 100%
MIS-2026-381,FS FORBIN,Frégate de défense aérienne,Toulon,Méditerranée Orientale,32.7507,26.6111,Présence navale & Coopération,2026-09-01,48,En cours,0,124.3,726480,Opération active
MIS-2026-183,FS AQUITAINE,Frégate multi-missions,Brest,Golfe de Guinée,2.183,2.1259,Lutte contre le narcotrafic,2026-09-02,40,En cours,4,222.9,722440,Opération active
MIS-2026-205,FS CHAMPLAIN,Bâtiment de soutien outre-mer,La Réunion,Antilles / Caraïbes,16.483,-63.2676,Police des pêches & Environnement,2026-09-02,18,En cours,1,70.9,177300,Opération active
MIS-2026-394,FS DIXMUDE,Porte-hélicoptères amphibie,Toulon,Océan Indien / Mer Rouge,14.4385,53.8924,Sauvetage en mer (SECMAR),2026-09-02,10,Terminée,4,143.3,262300,Objectifs atteints à 100%
MIS-2026-050,ABEILLE BOURBON,Remorqueur d intervention,Brest,Méditerranée Orientale,35.2053,27.3227,Lutte contre le narcotrafic,2026-09-03,45,En cours,6,168.6,492705,Opération active
MIS-2026-246,FS LA CONFIANCE,Patrouilleur Antilles-Guyane,Dégrad-des-Cannes,Antilles / Caraïbes,15.1617,-61.175,Surveillance ZEE & Souveraineté,2026-09-03,23,En cours,2,92.0,248009,Opération active
MIS-2026-115,FS FORBIN,Frégate de défense aérienne,Toulon,Antilles / Caraïbes,14.1398,-59.7598,Sauvetage en mer (SECMAR),2026-09-05,6,Terminée,10,17.8,131700,Mission écourtée (avarie/météo)
MIS-2026-262,FS LE MALOUIN,Patrouilleur côtier,Cherbourg,Golfe de Guinée,2.2732,2.7121,Présence navale & Coopération,2026-09-05,56,En cours,1,218.5,584472,Opération active
MIS-2026-322,FS LORRAINE,Frégate multi-missions,Toulon,Atlantique Nord / Mer d Iroise,47.2807,-6.4327,Présence navale & Coopération,2026-09-05,40,En cours,1,152.0,827880,Opération active
MIS-2026-338,FS D ENCASTREAUX,Bâtiment de soutien outre-mer,Nouméa,Océan Indien / Mer Rouge,14.2231,53.948,Lutte contre le narcotrafic,2026-09-05,42,En cours,6,270.3,244776,Opération active
MIS-2026-343,FS FORBIN,Frégate de défense aérienne,Toulon,Antilles / Caraïbes,14.2988,-61.9299,Police des pêches & Environnement,2026-09-06,20,En cours,4,85.1,545980,Opération active
MIS-2026-037,FS TONNERRE,Porte-hélicoptères amphibie,Toulon,Atlantique Nord / Mer d Iroise,48.2344,-8.2272,Sauvetage en mer (SECMAR),2026-09-07,9,Terminée,6,204.3,370890,Objectifs atteints à 100%
MIS-2026-188,FS LE MALOUIN,Patrouilleur côtier,Cherbourg,Océan Indien / Mer Rouge,13.6354,53.3033,Présence navale & Coopération,2026-09-07,47,En cours,0,192.5,367587,Opération active
MIS-2026-248,ABEILLE BOURBON,Remorqueur d intervention,Brest,Océan Indien / Mer Rouge,12.5433,52.1408,Escorte & Sécurité des flux maritimes,2026-09-07,42,En cours,0,153.3,478086,Opération active
